Datum,Rating,Ldfnr,Produkt,Version,Bemerkungen,vorinstall,Quelle,Lizenztyp,Lizenzgeber,Lizenzbestimmungen,instlocation,Herstellerwebsite
"2022-01-17 10:00:00","6","471","64 Bit HP CIO Components Installer","22.2.1","HP Druckertreiber-Komponente","","Internet","Treibersoftware","HP","","sc",""
"2022-07-17 18:55:33","10","1","7-Zip","22.01","kostenfreies Open-Source-Packprogramm (64-Bit Version, NSIS Installer mit RAR 6 Unterstützung). Mit 7zSFX Oberfläche (aus Innosetup-Bundle) für Autoinstallations-Dateien zur Software-Verteilung nutzbar. Bugfixes und neue Funktionen, RAR6-Unterstützung, schnellere Kompressionsverfahren. Achtung: Nach der Installation die Hilfedatei: 7-zip.chm löschen!","Deploy, Repack","Internet","GPL-Lizenz, kostenfrei","7-Zip Org","im Installationspaket","sc","https://www.7-zip.org/"
"2022-03-08 12:23:23","10","2","7-Zip SFX-Creator","1.3","Werkzeug für Installationspakete mit GUI für 7-Zip, in Kombination mit Ressource Hacker für eigene Paket-Icons. Google Quellcode Seite leider eingestellt, Im Gegensatz zur 7-Zip Oberfläche kann hier eine auszuführende Datei angegeben werden beim Erstellen. Repack im Innosetup Bundle enthalten.","Deploy, Repack","Internet","GPL-Lizenz, kostenfrei","SFX-Creator project","im Installationspaket","c",""
"2022-01-01 13:20:15","10","485","ActiveState ActivePython","2.4","wird für w.shop Schnittstellen der GWS benötigt","","","GPL-Lizenz, kostenfrei","GWS mbH","","s",""
"2021-10-03 11:31:53","8","427","ADB Platform Tools Debloat android","2021-07","Android Smartphones können bei aktiviertem Entwicklermodus (Einstellungen/Telefoninfo/Softwareinformationen/Build-Nummer mehrfach antippen, bis Meldung erscheint) und im Entwicklermenü aktiviertem USB-Debugging von Werbung und unerwünschten Apps befreit werden, die sich sonst nicht deinstallieren lassen. Dazu wird in der ADB SHELL das Kommando PM -k verwendet und der Package Name angegeben. ","Deploy, Repack","Internet","kostenfrei auch kommerziell","GitHub Projekt","","c","https://github.com/fawazahmed0/Latest-adb-fastboot-installer-for-windows"
"2020-01-17 10:00:00","6","460","Adobe Acrobat DC","2022","Mietsoftware im Rahmen der Creative Cloud","","aus Originalquelle","Lizenzsoftware","Adobe Inc.","","c",""
"2022-11-17 14:28:44","1","450","Adobe Acrobat Reader DC","22.003.20282","PDF-Betrachter. Da das Produkt mittlerweile ziemlich ressourcenhungrig ist und langsam, ist der Einsatz des PDF-Viewers des Browsers Chrome oder Edge zu empfehlen. Der Reader kann dann deinstalliert werden, Wenn nicht, stets die aktuelle Version einsetzen","","Internet","kostenfrei auch kommerziell","Adobe Inc.","im Installationspaket","x","https://www.adobe.com/devnet-docs/acrobatetk/tools/ReleaseNotesDC/index.html"
"2022-10-04 14:18:54","5","461","Adobe Creative Cloud","5.9.0.372","Mietsoftware im Rahmen der Creative Cloud, enthält Photoshop, InDesign und andere Grafikwerkzeuge, nicht für Terminalserver geeignet","","aus Originalquelle","Lizenzsoftware","Adove Inc.","","c",""
"2022-01-08 15:22:35","1","505","Adobe Flash Player","29.0","obsolet, da ohne Funktion seit EOL. Muss deinstalliert werden.","","","","","","x",""
"2022-05-16 10:06:56","10","9","Advanced IP Scanner","2.5.4594.1","Netzwerk IP-Scanner, Inventarisierung, Standardports scanbar aus der Anwendung, Export als CSV und HTML, Portable Version, kann direkt ausgeführt werden ohne Installation, Bugfix Release","Deploy, Repack","aus Originalquelle","kostenfrei auch kommerziell","Famatech","im Installationspaket","c","https://www.advanced-ip-scanner.com/de/"
"2022-01-24 12:21:56","3","519","AIDA Server","06.02.18.19411","Zeiterfassungs-Software. auf Windows-Server, Windows Clients und Stempeluhren. Software-Updates nur mit gültigem Wartungsvertrag, muss für Einsatz auf neueren Servern aktualisiert werden. Drittanbieterdienstleistung","","aus Originalquelle","Lizenzsoftware","AIDA ORGA GmbH","","sc","https://www.aida-orga.de/de/"
"2022-01-07 10:32:43","8","494","AIS Mobility Suite","1.0","Telematiklösung für die LKW-Firmenflotte mit Onboard-Geräten zur Abrechnung/GPS/Ortung","","aus Originalquelle","Lizenzsoftware","AIS alfaplan GmbH","","sc","http://ais-alfaplan.de/de/produkte/telematik"
"2016-01-30 10:00:00","10","11","AMOK Playlist Copy","2.07","Musiktool für MP3-Dateien zum Erstellen von Wiedergabelisten durch Kopie der Datei in einen Ordner und Nummerierung der Dateinamen im Ausgabeordner in Reihenfolge der eingelesenen M3U-Datei","Deploy, Repack","aus Originalquelle","kostenfrei auch kommerziell","Dirk Paehl","im Installationspaket","c","https://www.amok.am/"
"2022-10-19 13:06:13","3","509","AnyDesk","7.1.6","Bildschirm-Fernsteuer-Software, mit einem Rechner über das Internet verbinden und Remote-Support leisten oder Geräte fernbedienen. Etwa 10 EUR pro Monat. Alternative: VPN-Verbindung und (UltraVNC oder Bordmittel RDP-Remoteverbindung)","","Internet","Mietlizenz Subscription","AnyDesk Software GmbH","im Installationspaket","c","https://anydesk.com/de/downloads/windows"
"2018-03-28 10:00:00","8","12","APC Powerchute Business Edition","9.5.6","USV-Betriebssoftware und Treiber für USB oder serielle Direktverbindung mit Pserver","optional","aus Originalquelle","kostenfrei auch kommerziell","APC","im Installationspaket","s","http://www.apc.com/de/de/"
"2016-01-30 10:00:00","10","13","APC Powerchute Network Shutdown","3.01","Netzwerk-Agent zum Herunterfahren von Servern phys/virt, wenn USV Netzwerkkarte hat","optional","aus Originalquelle","kostenfrei auch kommerziell","APC","im Installationspaket","s","http://www.apc.com/de/de/"
"2022-01-07 10:54:46","3","496","Apple","1.0","Software Updater und andere Werkzeuge rund um das iphone und ipad, bitte nicht auf Terminalservern installieren","","Internet","hardwaregebunden","apple inc.","","c","https://apple.com"
"2022-10-06 10:08:58","10","15","Audacity","3.2.1","Musik-Bearbeitungssoftware zum Bearbeiten, Konvertieren und Erzeugen von MP3 Dateien, mit Effekten und Amplitudendarstellung, Schneidewerkzeugen und Filtern. Benutzt lameMP3 Codec. Nyquist Filter erlauben Tonmodifikationen. Es gibt weitere Plugins auf der Projektwebsite.","Deploy, Repack","Internet","GPL-Lizenz, kostenfrei","GPL","im Installationspaket","c","https://www.audacityteam.org/download/"
"2022-10-24 16:18:09","9","16","AusweisApp2","1.24.2","Programm zum Nutzen der E-Signatur im elektronischen Personalausweis e-Perso, Statt eines USB NFC-Lesers kann ein NFC fähiges Smartphone remote als Leser dienen. Android und IOS Apps gibt es ebenfalls.","Deploy","aus Originalquelle","kostenfrei auch kommerziell","Governikus KG, Bundesregierung","im Installationspaket","sc","https://www.ausweisapp.bund.de/download/"
"2022-09-20 16:15:19","10","19","Avidemux","2.8.1","Videobearbeitungs-Werkzeug (ähnlich Virtualdub aber aktueller, Installer auch im Paket Video-Tools), zum schneiden und konvertieren von Videos. Zahlreiche Effekte wie Titeleinblendung und Timelapse und Crop stehen zur Verfügung. Viele Ausgabeformate können konvertiert werden. Bugfixes und Verbesserungen in der Geschwindigkeit. Nightly builds unter: avidemux.org/nightly/vsWin64/","Deploy, Repack","Internet","GPL-Lizenz, kostenfrei","GPL","im Installationspaket","c","https://sourceforge.net/projects/avidemux/files/"
"2020-04-10 08:00:37","10","390","AVM Zack - Leitungs-Speed Test","1.0","Bandbreite, Datendurchsatz, PING-Zeiten und Jitter-Zeit ermitteln und messen. Werbefreie Seite","","","","","","","http://scope.avm.de/zack3g/zack.html"
"2022-01-02 09:26:27","7","489","Barracuda Archive Search","5.3.4.0","Outlook Addon für E-Mail-Archiv mit Barracuda Archiv Appliance","","aus Originalquelle","Lizenzsoftware","Barracuda Networks","","sc",""
"2022-01-29 16:14:05","9","520","Barracuda Network Access Client","5.3.1","VPN-Client für Windows und in Verbindung mit Barracuda Firewalls, Download nur mit Zugangsdaten","","aus Originalquelle","Lizenzsoftware","Barracuda Networks","","sc","https://campus.barracuda.com/product/networkaccessclient/"
"2016-01-30 10:00:00","10","21","BatteryBar","3.6.6","Akkulaufzeitanzeige in der Taskleiste (Zeit/Prozent) und Gesundheitszustand Akku, läuft als Dienste im Hintergrund. Dies ist die kostenlose Version","Deploy, Repack","aus Originalquelle","kostenfrei nichtkommerziell, Lizenzsoftware kommerziell","Osiris Development","im Installationspaket","c","https://www.batterybarpro.com/"
"2022-10-20 10:02:56","10","22","BgInfo","4.32.0.0","Microsoft (Sysinternals) Werkzeug für automatisches Hintergrundbild mit System-Informationen mit Zusatzskripten und Logout/Reboot/Shutdown Icons. Optional: RDCMan 2.90, Imago Schrittaufzeichnung, MHT-HTML-Konverter, Filedate-Tool, Putty Terminal. Erfordert 64-Bit System. 32-Bit Variante entfernt. Putty und Rdcman aktualisiert","Deploy, Repack","aus Originalquelle","kostenfrei auch kommerziell","Microsoft","im Installationspaket","sc","https://docs.microsoft.com/de-de/sysinternals/downloads/bginfo"
"2022-01-06 14:13:52","5","526","CAS genesisWorld","22.1.4.12021","Drittanbieter CRM-Lösung, gesehen unter Server 2016 und Windows 10, Support nur durch Drittanbieter.","","aus Originalquelle","Lizenzsoftware","CAS Software AG","im Installationspaket","sc","https://www.cas-mittelstand.de/crm-produkte/cas-genesisworld.html"
"2022-11-16 21:04:15","1","539","CCleaner","6.06.10144","Adware, Freemium. Bringt außerdem keine Vorteile, sondern kann eher die Registry beschädigen. Deinstallieren!","","","Freemium","","","x",""
"2018-09-24 10:00:00","4","26","CDBurner XP","4.5.8","Brennsoftware für CD/DVD, Unbedingt 64 Bit Version Standardinstallation oder Portable ohne Adware nehmen","","aus Originalquelle","kostenfrei auch kommerziell","Canneverbe Limited","im Installationspaket","c","https://cdburnerxp.se/"
"2022-10-25 12:54:39","10","428","Chansort","2022-10-06","für Panasonic Viera TV-Geräte und andere Geräte verschiedener Marken wie Samsung, LG, Grundig und weitere) - Senderliste im Hotelmodus auf USB-Stick auslesen, am PC neu sortierenm neue Favoriten anlegen und Liste über Stick ins TV-Gerät zurückschreiben.","Deploy, Repack","Internet","GPL-Lizenz, kostenfrei","GitHub Projekt","","c","https://github.com/PredatH0r/ChanSort/releases"
"2016-01-30 10:00:00","5","28","Chipcardmaster","7.0.8","Chipkarten Daten auslesen (Handy-SIM, EC-Karten, andere Chipkarten) und wenn möglich ändern (SIM-Telefonbuch)","Deploy","aus Originalquelle","kostenfrei auch kommerziell","Dr. Olaf Jacobsen","im Installationspaket","c","http://www.chipcardmaster.de/"
"2022-11-08 17:27:04","8","29","Cisco AnyConnect Secure Mobility Client","4.10.06079","VPN Einwahl in Firmennetzwerk (nur in Verbindung mit Cisco Router Hardware). Zum Verbinden von Windows Rechnern und Notebooks via vpn mit CISCO ASA Routern und -Firewalls - aktuelle Versionen schließen meist kritische Sicherheitslücken und sollten daher zeitnah installiert/verteilt werden. Kritische Sicherheitslücken wurden  geschlossen. Support nur mit gültigem CISCO Wartungsvertrag.","Deploy","aus Originalquelle","hardwaregebunden","Cisco","auf der Internetseite","c","https://software.cisco.com/download/home/286281283/type/282364313"
"2022-01-01 17:25:42","1","488","Citrix Receiver","14.12","alter Citrix-Client für Windows verwendbar mit Citrix Servern (Client, Online Plugin)","optional","aus Originalquelle","Lizenzsoftware","Citrix","","x","https://www.citrix.com/"
"2022-01-01 17:22:47","6","30","Citrix Workspace app","2207","Citrix-Client für Windows verwendbar mit Citrix Servern (Client, Online Plugin)","optional","aus Originalquelle","kostenfrei auch kommerziell","Citrix","im Installationspaket","c","https://www.citrix.com/"
"2022-07-15 13:31:41","10","31","Citrix XenDesktop","7.18","Terminalserver-Erweiterung (zusätzlich zu den RDS Lizenzen erforderlich) für die Microsoft RDS Dienste, bietet Comport-Umleitung und schnelleres ICA-Protokoll, sowie besseres Loadbalancing bei mehreren Servern. Auch als XenApp bekannt. Version 1912 LTSR wird noch unterstützt.","optional","aus Originalquelle","Lizenzsoftware","Citrix","im Installationspaket","s","https://www.citrix.com/"
"2022-11-08 14:45:38","10","32","Clonezilla","20221103","Festplatten für Hardwareupgrade spiegeln (Boot von USB). Dazu die ISO-Datei von den Projektseiten herunterladen und mit #Rufus davon einen USB-Bootstick erstellen. Medium: mindestens 8GB. Zum Spiegeln auf eine größere Platte müssen die erweiterten Einstellungen gewählt werden. Dies ist die alternative stable Version, die ubuntu Linux enthält","Deploy","Internet","GPL-Lizenz, kostenfrei","GPL","auf der Internetseite","c","https://clonezilla.org/"
"2020-04-10 08:00:37","8","258","Computerbase Windows Downloads RSS","1.0","Die aktuellen Downloads von Computerbase als Atom/Rss Feed abonnierbar","","","","","","","https://www.computerbase.de/rss/downloads.xml"
"2021-09-24 12:27:10","10","423","Contact Conversion Wizard","3.5.0.2","quelloffenes Fritzbox-Telefonbuch-Converter zum Import von Kontakten aus Outlook in das Fritz!Box-Telefonbuch und andere Formate. Braucht keine Installation, direkt aufrufbar.","Deploy","Github","GPL-Lizenz, kostenfrei","GitHub Projekt","im Installationspaket","c","https://github.com/Rillke/Contact-Conversion-Wizard/releases"
"2022-01-23 13:44:43","1","517","CorelDRAW Graphics Suite","2022","Vektorgrafik-Zeichenprogramm, Bildbearbeitung, Miet- oder Kauflizenz","","aus Originalquelle","Lizenzsoftware","Corel Corporation","im Installationspaket","cx","https://www.coreldraw.com/de/product/coreldraw/"
"2022-07-15 13:10:29","8","442","d.3 server","8.1.0.50","Archivierungssoftware der GWS zur Anbindung an gevis ERP. Hersteller: d.velop, benötigt einen Microsoft SQL-Server und mindestens Windows Server 2016","","aus Originalquelle","Mietlizenz Subscription","GWS mbH","","s","https://gws.ms"
"2022-01-23 13:47:42","3","518","DATEV","5.67.7","Software für Steuerberater und zur Abwicklung von Lohn","","","Lizenzsoftware","DATEV","","sc",""
"2022-01-27 17:26:39","1","479","david","12.00a","Kommunikationssoftware (Serverdienst, Clients) für Faxversand, E-Mail-Server mit ActiveSync, Anrufbeantworter und Telefoniefunktionen mit Sprachausgabe (IVR, ACD). Mail to Fax und Fax over IP nur eingeschränkt. Bestenfalls auf Fax verzichten oder Microsoft Exchange online mit Officemaster ab 7.1 einsetzen.","","Internet","Lizenzsoftware","Tobit Software","auf der Internetseite","x","https://tobit.software"
"2020-04-10 08:00:37","9","254","Deskmodder Windows 10 Blog RSS","1.0","Kanal mit interessanten Informationen zu Windows und android zum Abonnieren","","","","","","","https://www.deskmodder.de/blog/category/windows-10/feed/"
"2022-01-01 11:06:46","10","541","diacom bi1","3.14","Auswertungssoftware der GWS-Tochtergesellschaft diacom für gevis ERP BC Warenwirtschaft, benötigt Microsoft SQL-Server 2017 Standard und neuer","","aus Originalquelle","Lizenzsoftware","GWS mbH","","sc","gws.ms"
"2022-02-19 16:22:44","8","37","DirectUpdate","4.8.1","Windows Dienst, der diverse Dyndns Anbieter aktualisieren kann und Reports erstellt. Verwaltet und aktualisiert mehrere Konten. Für ein einzelnes Konto kann auch der DNS-Dienst einer FritzBox verwendet werden.","Deploy","Internet","Lizenzsoftware","William Levra-Juillet","im Installationspaket","s","https://www.directupdate.net/index.php/download-du"
"2022-11-01 11:46:20","8","537","Disk2VHD","2.02","Erzeugt aus einem physikalischen Rechner/Server eine virtuelle Hyper-V-Harddisk (.VHDX). Werkzeug von Microsoft Sysinternals. X64 Version empfohlen. Portabel, braucht keine Installation.","Deploy","Internet","kostenfrei auch kommerziell","Microsoft Sysinternals","im Installationspaket","sc","https://learn.microsoft.com/en-us/sysinternals/downloads/disk2vhd"
"2022-09-24 13:22:15","10","392","DisplayLink Graphics","10.3 M0","Software und Treiber für Dockingstationen. Viele USB3 und Thunderbolt-Dockingstations (z. B. von Raidsonic, Targus) nutzen den Displaylink Chipsatz. Windows 10 erkennt ihn und installiert einen eigenen Treiber, der extrem langsam und nicht performant ist. So liefert die Netzwerkkarte nur rund 300MBit. Mit dem Chip-Hersteller (Synaptics) Treiber und der Einstellungen-Software von DisplayLink (R) wird die Verbindung und das Bild selbst bei Anschluß eines UHD Geräts flüssig.","Deploy","Internet","kostenfrei auch kommerziell","Synaptics Inc","im Installationspaket","c","https://www.displaylink.com/downloads/windows"
"2022-01-11 11:09:18","1","542","Docusnap","11","Inventarisierung-Software, kostenpflichtig im Abo. Alternative: GPL-Software OpenAudit Classic","","Internet","","","","x",""
"2022-01-20 20:01:26","1","546","Dropbox","162.0","Cloudspeicher mit Datenspeicherung außerhalb der EU. Nicht empfohlen, zumal die kostenlose BASIC Version nur 2 GB Speicher hat.","","","Freemium","","","x",""
"2022-03-20 10:46:19","10","39","Dymo Connect","1.4.3.131","Software für USB Dymo Labelwriter Beschriftungsgeräte (MSI-Datei über Aufruf C:\temp\DCDSetup.exe /s /x /b ´´c:\temp´´ /v ´´/qn´´ extrahieren und danach nur MSI installieren. Ansonsten wird Bonjour und unnützes Zeug mit installiert). Nachfolger von Dymo Label Software.","Deploy","aus Originalquelle","kostenfrei","Dymo","im Installationspaket","c","https://www.dymo.de/support?cfid=online-support"
"2022-07-15 14:06:43","6","453","E-POSTBUSINESS BOX","1.0","Kuvertierungs- und Versandlösung der Deutschen Post AG. Funktioniert nur in On-Prem- und IaaS-Umgebungen. Je nach Lösung (SaaS) ist DocuGuide als Nachfolger erforderlich.","","Internet","hardwaregebunden","","","sc","https://www.deutschepost.de/de/e/epost/geschaeftskunden/epost-business-box.html"
"2022-11-05 13:54:02","10","256","Eclipse Temurin JRE mit Hotspot","8.0.352.8","32-Bit / 64-Bit Open Source Runtime GPLv2 Binaries, kompatibel mit JRE 8 mit Longterm Support, Ausführen von Java Programmen, kein Browserplugin!  Meistens wird die 32-Bit Version benötigt, beide Versionen können parallel installiert werden. .msi Paket installieren und alle Optionen ankreuzen, damit es kompatibel zur ehemaligen Oracle Variante wird.","Deploy","Internet","GPL-Lizenz, kostenfrei","Adopt OpenJDK Project","im Installationspaket","sc","https://adoptopenjdk.net/nightly.html?variant=openjdk8&jvmVariant=hotspot"
"2021-01-26 13:43:01","1","473","ElsterFormular","999","ehemalige Software für Online-Aktionen mit dem Finanzamt. Mittlerweile Elster Portal. Softwareinhalte können wenn nicht ausgedruckt meist in  das Portal importiert werden. Ansonsten nötige Belege ausdrucken oder als PDF archivieren.","","Internet","kostenfrei","","","x","https://www.elster.de/eportal/login/softpse"
"2021-10-27 13:50:47","10","417","Eraser","6.2.0.2993","Software zum sicheren Löschen von Festplatten, SSDs und Speichersticks vor Entsorgung/Abgabe solcher Geräte (kostenlos, Open-Source), 64-Bit von Juli 2021, aktuelle Version immer auf der Website. Dazu braucht man einen Windows Rechner, wo die zu löschenden Medien über SATA oder USB angeschlossen werden. Gelöscht werden dann diese zusätzlichen Datenträger. Das dauert je nach Größe schon mal ein paar Stunden.","Deploy","Internet","GPL-Lizenz, kostenfrei","Eraser Project","im Installationspaket","c","https://eraser.heidi.ie/download/"
"2022-01-07 12:29:32","10","499","Euraconf R4","Build 433","CTI- und Konfigurationssoftware (EOL) für Ackermann Euracom Telefonanlagen","","Internet","Lizenzsoftware","","im Installationspaket","",""
"2022-08-25 10:58:17","10","46","FastStone Image Viewer","7.7","Bildbetrachter und Foto-Manager wie ACDSee, funktioniert offline, Massenbearbeitung, Vorschau- und Druckaufbereitung, auch als Portable Version verfügbar. Portable Version bevorzugt, da alle Dateien in einem Ordner. FSIV.db enthält. Löscht man die Datei portable.db im Ordner, werden die Datenbanken und Einstellungen im local User-Profil-Ordner abgelegt. Neue Datenbank, performanter.","Deploy, Repack","aus Originalquelle","kostenfrei nichtkommerziell, Lizenzsoftware kommerziell","Faststone","im Installationspaket","c","https://www.faststone.org/FSViewerDetail.htm"
"2020-10-27 20:33:35","10","48","Ferrari Officemaster Fax","7.12","Faxlösung (deutscher Hersteller aus Berlin) mit Microsoft Exchange Integration Mail-to-Fax, cloudfähig und für kompatible SIP-Anschlüsse geeignet. Soll ISDN-Nebenstelle genutzt werden, ist ein Officemaster Gate (OMG) erforderlich","optional","aus Originalquelle","Lizenzsoftware","Ferrari Electronic","auf der Internetseite","s","https://www.ferrari-electronic.de/"
"2022-11-23 10:12:59","10","50","FileZilla","3.62.2","FTP-Client: FTP Datentransfer Programm zum Übertragen von Dateien mit SFTP und FTPS-Möglichkeit, ähnlich aufgebaut wie der Norton Commander (Explorer linke Seite: Mein Rechner, rechte Seite Verzeichnisstruktur Anbieter). Auch für den fortgeschrittenen Transfer von Webseiten-Inhalten und Websicherungen geeignet. Bitte die 64-Bit-Version verwenden. Bugfixes, Stabilisierungen","Deploy, Repack","Internet","GPL-Lizenz, kostenfrei","Filezilla Org","im Installationspaket","c","https://filezilla-project.org/download.php?show_all=1"
"2022-10-22 16:03:32","10","434","Fluent Reader","1.1.3.0","RSS und ATOM Reader für Windows Desktop (für Windows Desktop kostenlos, Quellcode auf GITHub verfügbar, als UWP-App im Windows Store und für apple Mac nur gegen Gebühr), 64-Bit Portabel Version. Stellt RSS-Feeds anschaulich als Kacheln oder Liste mit Bildern dar. Basiert auf CEF2 Chromium Engine. Updates und Fixes.","Deploy, Repack","Github","GPL-Lizenz, kostenfrei","GitHub Projekt","auf der Internetseite","c","https://github.com/yang991178/fluent-reader/releases"
"2021-09-26 12:16:23","7","426","Fotowall","1.0","Erstellen von Collagen durch Drag&Drop, Bilder drehen, vergrößern und anordnen mit der Maus, Textwolken hinzufügen aus Textdateien, Rahmen, Schatten, Transparenz und weitere Bildeffekte möglich","Deploy, Repack","Internet","GPL-Lizenz, kostenfrei","Enrico Ros","im Installationspaket","c","https://www.enricoros.com/opensource/fotowall/download/binaries/"
"2022-11-07 15:31:50","1","515","Foxit PDF Reader","12.0.2","PDF-Betrachter, enthält Adware oder muss lizensiert werden. Bitte entfernen","","","","","","x",""
"2020-01-17 10:00:00","1","456","FreePDF (Remove only)","999","veraltet, unsicher, entfernen, PDF24 Creator ist besser","","Internet","kostenfrei auch kommerziell","","","x",""
"2022-01-05 15:04:50","10","58","Fritz!box 6490 cable Firmware","7.29","Betriebssystem (Linux Flash Firmware) für Internet-Router/Heimtelefonanlage/VoIP und DECT - vodafone (ehemals Unitymedia/Liberty Group) Branding, Updates werden durch den Kabelanbieter automatisch remote installiert. Unterstützt nun WPA3/2 Mixed mode","","aus Originalquelle","kostenfrei","AVM Berlin","im Playstore","","https://avm.de/produkte/fritzbox/fritzbox-6490-cable/"
"2019-09-26 13:44:23","10","59","Fritz!box 7390 Firmware","6.86","Betriebssystem für Internet-Router/Heimtelefonanlage/VoIP (VDSL-Modell)","","aus Originalquelle","kostenfrei","AVM Berlin","im Playstore","","https://avm.de/service/fritzbox/fritzbox-7390/uebersicht/"
"2022-01-02 15:04:28","10","60","Fritz!Repeater 1750E","7.29","WLAN-Accesspoint oder Wifi-Repeater mit Gigabit-LAN Anschluss und ac Dualmode WLAN, Ermöglicht WLAN-Verbindung mit ca. 900 MBit durch Kanalbündelung. Mit AVM Mesh Funktion. Bugfix-Release","","aus Originalquelle","kostenfrei","AVM Berlin","im Playstore","","https://avm.de/service/fritzwlan/fritzwlan-repeater-1750e/uebersicht/"
"2022-07-15 14:13:33","8","454","gevis Warenwirtschaft","6.00.33277","gevis Classic Version, basiert auf Dynamics NAV 2009 R2, wird abgelöst durch gevis ERP|BC (Microsoft Dynamics 365 Business Central, On-Premises und IaaS) oder gevis ERP|VEO (SaaS)","","aus Originalquelle","Mietlizenz Subscription","GWS mbH","","sc","https://gws.ms/gevis-erp-business/"
"2022-10-23 11:58:14","10","394","GitHub Desktop","3.1.2","Grafische Oberfläche zum Verwalten und synchronisieren von Git Repositories zwischen GitHub und dem lokalen Rechner. GitHub gehört zu Microsoft, es gibt Github (kostenlos, Open Source) und Github Enterprise (kostenpflichtig im Abo). Installation per User unter %appdata% oder über das .MSI Paket maschinenweit. Seit 2.8.0 in  64-Bit.","Deploy","Internet","GPL-Lizenz, kostenfrei","GitHub Projekt","im Installationspaket und auf der Webseite","c","https://desktop.github.com/"
"2022-11-25 10:03:50","10","437","Google Chrome","107.0.5304.121","Empfohlener Standard-Browser. Google Browser auf Chromium-Basis, Autoupdates, PDF-Betrachter mit Formfill, Chrome Enterprise MSI Paket 64-Bit standalone. Gruppenrichtlinien im Chrome Bundle. In Central Store importieren/konfigurieren.","Deploy","Internet","kostenfrei auch kommerziell","Google Inc.","auf der Internetseite","sc","https://cloud.google.com/chrome-enterprise/browser/download/?hl=de"
"2022-01-12 19:38:30","9","66","Google Chrome Extension: Fast Dial","1.1.1","Schnellwahl mit Vorschaubildern als Startseite für Chrome (wie bei Opera Speed Dial)","","Google-Chrome","GPL-Lizenz, kostenfrei","Stepanov E.V.","im Chrome Store","c","https://chrome.google.com/webstore/detail/fast-dial/fdnbdgmkhikelgaohpgdpcecklddmpaj"
"2021-05-19 14:24:51","10","67","Google Chrome Extension: Shoyu RSS/Atom Feed","2.0.3.18","Zeigt oben rechts an, ob eine Seite einen oder mehrere RSS Feeds anbietet und stellt sie in lesbarer Form mit Bildern im Browser dar. Klickt man auf den kleinen Punkt in der Überschrift, wird der RSS XML-Code sichtbar (für Entwickler)","","Google-Chrome","GPL-Lizenz, kostenfrei","Google","im Chrome Store","c","https://chrome.google.com/webstore/detail/shoyu-rssatom-feed-previe/ilicaedjojicckapfpfdoakbehjpfkah"
"2021-03-15 09:15:33","10","69","Google Chrome Extension: Ublock Origin","1.33.2","Effizienter Adblocker als Open Source auf Basis zahlreicher Listen mit Anti-Adblocker-Listen und Adblocker-Versteckfunktionen. Funktioniert auch mit dem Microsoft Edge on Chromium.","","Google-Chrome","GPL-Lizenz, kostenfrei","gorhill","im Chrome Store","c","https://chrome.google.com/webstore/detail/ublock-origin/cjpalhdlnbpafiamejdnhcphjbkeiagm"
"2022-01-17 10:00:00","5","465","GoTo Opener","999","genutzt für Webinare, Clients kostenfrei","","Internet","Lizenzsoftware","LogMeIn, Inc.","","c",""
"2022-10-10 12:01:39","6","74","GPL Ghostscript","10.0.0","Erzeugen von PDF-Dateien aus Postscript, wird von vielen Programmen wie Paint.net (PSD-Dateien und EPS-Dateien Filter) und PDF-Druckern benutzt, meist die 64-Bit-Version, in Ausnahmen die 32-Bit-Version (je nach Client Anwendung 64 oder 32 Bit wählen), Sicherheitsupdate, neuer Interpreter aktiviert","Deploy","Internet","GPL-Lizenz, kostenfrei","GNU Affero General Public License","im Installationspaket","sc","https://ghostscript.com/"
"2022-10-06 10:08:57","1","457","Greenshot","1.3.274","ShareX ist besser, Greenshot nicht aktuell, Releses im Projekt sind fast nur noch unstable Releases","","Internet","GPL-Lizenz, kostenfrei","GPL Projekt","auf der Internetseite","x","https://getgreenshot.org/downloads/"
"2022-04-17 12:13:01","9","439","gTool","1.8.1","Adressbuchsynchronisation mit Gigaset Telefonen. Je nach Modell ist auch Dateizugriff für Bilder/Klingeltöne möglich. Anschlussart: Serielles Kabel und Lumberg-Stecker für die SL-DECT-Modelle, Micro-USB-Kabel für die CL und S-Modelle der neueren Generation ab 2019. Enthält virtuellen Comport_Treiber seriell. Für Firmware-Updates wird Quicksync benötigt. Wenig störende Werbe-Einblendungen im Programm beim Aufruf.","Deploy","Internet","kostenfrei auch kommerziell","Gigaset GmbH","im Installationspaket","c","https://www.gtool.de/"
"2022-01-29 16:18:52","6","521","GWS gevis Signaturpad","1.0.0.14","Werkzeug für die signopads zum elektronischen Unterschreiben von Belegen und Lieferscheinen","","","Lizenzsoftware","GWS mbH","","c",""
"2022-07-15 14:17:23","8","455","GWS Managed-Transfer-Client  (x64)","4.20","Asymmetrische Datenübertragung über gesichertes VPN zwischen Kunden und Lieferanten durch die GWS, für EDI und andere Verbunddienste nutzbar","","aus Originalquelle","Mietlizenz Subscription","GWS mbH","","s","https://erpsystem.de/wp-content/uploads/2020/05/Datenblatt-Managed_Transfer.pdf"
"2022-01-15 16:07:59","8","508","GWS MDESync","6.0.60280","Tool zum Offline-Entladen der Datensätze von skeye.allegro MDE Geräten, offline unter BC und SaaS verwendbar, online nicht!","","","Lizenzsoftware","GWS mbH","","c",""
"2022-01-19 13:21:36","1","512","Hardcopy","2022.05.03","Screenshots per Maus oder Taste erstellen. Da das mit Bordmitteln von Windows funktioniert (Win&Shift&S), obsolet. Außerdem enthält das Installationspaket zB eine alte Version von TightVNC. ShareX ist derzeit die beste Alternative für Screenshots und -Videos und Open Source","","Internet","Freeware Autor erwartet Trinkgeld","","","x",""
"2020-04-10 08:00:37","8","255","Heise Security RSS","1.0","Sicherheitsnachrichten vom Heise Verlag, per Atom oder RSS Feeder abonnierbar","","","","","","","https://www.heise.de/security/rss/news-atom.xml"
"2022-01-17 14:18:52","5","536","HYBRIMIN","9.5.105.4","Winfumi - Futtermittel-Software - wird auf einem Windows Server zB 2016 betrieben, ggf. Hardware-Dongle erforderlich","","aus Originalquelle","","","","sc","https://www.hybrimin.de/"
"2020-01-17 10:00:00","6","458","I.R.I.S. XMailFetcher 5.0.5","5.0.5","wenn das Mailarchiv über s.dok abgebildet wird oder per E-Mail Dokumente ins Archiv müssen","","aus Originalquelle","Lizenzsoftware","I.R.I.S AG","","s",""
"2020-01-17 10:00:00","8","462","IBM Data Server Runtime Client - DB2COPY1","999","alte Datenbank von s.dok, wird auf Microsoft SQL-Server Lizenz umgestellt","","aus Originalquelle","kostenfrei auch kommerziell","d.velop AG/IBM","","s",""
"2022-01-07 12:15:15","8","498","IIS-URL-Rewrite-Modul","7.2.1980","Modul für den Internet Information Webserver von Microsoft, um Umleitungsregeln (z.B. von HTTP auf HTTPs oder Aliases auf Seiten) zu erstellen","","Internet","in Windows enthalten","Microsoft","","s",""
"2021-03-13 11:34:49","10","408","Image Resizer for Windows","3.1.2.0","Bilder verkleinern auf verschiedene Größen (über das Kontextmenü, stapelweise alle markierten Bilder auf ein kleineres Format bringen). Neuerdings Bestandteil der Microsoft Powertoys. Wer das Riesenpaket der Powertoys nicht installieren möchte, nimmt diese 1MB große Explorer Erweiterung. Ideal für Handy-Fotos, die als Internet-Bilder auf die Webseiten sollen.","Deploy","Internet","kostenfrei auch kommerziell","Microsoft bzw. Brice Lambson","im Installationspaket","c","https://www.bricelam.net/ImageResizer/"
"2022-11-03 21:38:48","10","251","ImageGlass","8.7.11.6","Viewer: sehr schneller und kompakter Open-Source-Bildbetrachter mit vielen Formaten zum schnellen Durchblättern von Fotoserien mit Basis-Bearbeitungs-Funktionen. Auch als Portable-Version, Design anpassbar, externe Bildbearbeitung mit Hotkey E einbindbar. TIFF-Anzeige, EXIF-Informationen, Zoom und Druckfunktionen. Ersatz für  Windows Fotoanzeige und Windows Fotos App. Moon-Version mit neuen Features.","Deploy, Repack","Github","GPL-Lizenz, kostenfrei","ImageGlass Projekt","im Installationspaket","c","https://imageglass.org/"
"2022-05-02 17:18:15","10","79","InnoSetupBundle","6.2.1","Open Source Pakete: Innosetup ISStudio:2.5.1 Innounp:1.63 *InnoEx: 0.9.2 *InstEd:1.5.15.26 *7zSFX:1.0 *Reshacker:5.1.8 -  Werkzeuge zum Erstellen von SETUP-Paketen und selbst extrahierenden Archiven und zum bearbeiten von MSI-Setups. Innounp ist kompatibel und wird von Innoex benutzt. ISStudio kennt den neuen Debug Modus. 7ZIP-Bibliotheken 21.07 für SFX aktualisiert.","Repack","Internet","GPL-Lizenz, kostenfrei","innosetup.org","auf der Internetseite","c","https://www.innosetup.org/"
"2016-01-30 10:00:00","10","80","InstEd MSI Editor","1.5.15.26","kostenfreier Editor zum Bearbeiten von MSI Installationspaketen","Deploy, Repack","aus Originalquelle","kostenfrei","Instedit","im Installationspaket","c","https://www.instedit.com/download2.html"
"2020-01-17 10:00:00","1","459","Internet Explorer","9.11","Ver 11 wird als 9.11 angezeigt. Wenn keine Funktionen des IE mehr benötigt werden, kann dieser unter Einstellungen/Apps/optionale Software entfernt werden, ansonsten installiert lassen und IE-Modus in Edge nutzen per GPO","","aus Originalquelle","in Windows enthalten","Microsoft","","x",""
"2022-07-19 12:17:11","1","468","IrfanView","4.60","Lizenz nachweisen oder deinstallieren, Shareware bei geschäftlicher Nutzung, Bildbetrachter, Alternative: Imageglass Viewer","","Internet","Lizenzsoftware","Irfan Skiljan","im Installationspaket und auf der Webseite","x","https://www.irfanview.de/lizenzierung/"
"2022-08-11 21:55:52","8","445","IRISXtract Verify","5.0","Eingangsbelegcanning und Überprüfung des OCR für s.scan der GWS, Einspeisen der Belege in das s.dok Archiv. Hersteller: I.R.I.S. AG. Version 4.5 hat Ende 2023 End of life.","","aus Originalquelle","Lizenzsoftware","GWS mbH","","s","https://irisdatacapture.com/de/software/irisxtract/"
"2022-01-19 12:22:07","1","472","iTunes","12.12","Synchronisation mit apple IOS Geraeten wie iphones und ipads. nicht kompatibel mit Azure Virtual Desktop","","Internet","Lizenzsoftware","apple Inc.","im Installationspaket","c","https://support.apple.com/de-de/HT210384"
"2022-10-24 21:35:27","6","528","iTunes","12.12.6.1","benötigt zum Verwalten und für Datenaustausch mit apple iphones und ipads und zum Updaten der Firmware","","Internet","hardwaregebunden","apple Inc.","im Installationspaket","c","https://support.apple.com/de-de/HT210384"
"2022-10-20 10:22:12","10","403","Jabra Direct","6.4.28501","Windows Software zum Einstellen und für Firmware-Updates von Jabra Headsets. Jabra-Headsets wie das Evolve 65 oder das neue Evolve 75 sind die ideale Audio-Hardware für Videokonferenzen mit Microsoft Teams und lassen sich per Bluetooth 4.0 mit dem Rechner und parallel mit dem Smartphone verbinden.","Deploy","Internet","hardwaregebunden","Jabra Inc","im Installationspaket","c","https://jabraxpressonlineprdstor.blob.core.windows.net/jdo/JabraDirectSetup.exe"
"2022-11-05 13:55:05","1","83","Java 8 Update","8.0.351","von Oracle, alte Versionen unsicher, kostenfrei nur für persönliche Nutzung, lizenzpflichtig für Geschäftseinsatz. Wird meist nur benötigt, wenn Java Webstart oder .jnlp Links ausgeführt werden müssen. Alternative kann das quelloffene AdoptOpenJDK (Adoptium Temurin) sein. Bitte den Software-Hersteller der Anwendung nach Alternativen befragen, Oracle Java Runtimes deinstallieren oder für etwa 30 € pro Jahr und named User bei Oracle mieten.","","Internet","Mietlizenz Subscription","Oracle","auf der Internetseite","x","https://www.oracle.com/technetwork/java/javase/downloads"
"2020-09-25 11:14:44","7","425","JDownloader","2.4","Software auf JAVA-Basis zum herunterladen von Dateien und Software von diversen File-Service-Anbietern. Downloadprozesse automatisierbar. Kann auch YT Inhalte herunterladen (Offline-Versionen) und als Video / Audio speichern. Führt Java 8 (Hotspot, x86) im JRE Verzeichnis mit. Zum Aktualisieren der Java-Runtime: Eclipse Temurin Adoption JRE 8/x86 (.zip) herunterladen und im Verzeichnis ersetzen","","aus Originalquelle","GPL-Lizenz, kostenfrei","Jdownloader Projekt","im Installationspaket und auf der Webseite","c","https://jdownloader.org/"
"2022-01-17 10:00:00","6","463","Kaspersky Security","13.2","Antiviruslösung von Kaspersky, wird bei Cloud und aktuellen Betriebssystemen auf Microsoft Defender umgestellt","","aus Originalquelle","Mietlizenz Subscription","Kaspersky Ltd.","","sc",""
"2022-09-09 19:54:15","10","88","KeePass","2.52","Passwortsafe, verschlüsselte Ablage von Kennwörtern, speichert Datenbank lokal, funktioniert ohne Cloud, auch als Apps für IOS und android verfügbar, deutsche Sprachdatei herunterladen, in Ordner kopieren und aktivieren, 2FA verfügbar (z. B. mit Fingerabdrucksensor auf dem Smartphone). Repack enthält deutsche Sprachdatei und verwendet sie.","Deploy, Repack","Internet","GPL-Lizenz, kostenfrei","Dominik Reichl","im Installationspaket","sc","https://keepass.info/"
"2020-04-10 08:00:37","10","259","Lenovo Thinkpad Yoga Treiber","1.0","Treiber Download Seite für Lenovo all in One Notebooks der Thinkpad Yoga Serie","","","","","","","https://pcsupport.lenovo.com/de/de/products/laptops-and-netbooks/thinkpad-yoga-series-laptops"
"2022-07-29 13:04:12","9","481","Lenovo Vantage Service","3.13.14.0","Intrastruktur-Framework für lenovo ThinkCentre PCs und Thinkpad Notebooks. Enthält Treiber und Optimierungssoftware für alle wichtigen Hardwarekomponenten und Sensoren und aktualisiert sie","","Internet","hardwaregebunden","lenovo","App im Microsoft Store","c","https://pcsupport.lenovo.com/de/de/products/laptops-and-netbooks/"
"2022-01-29 16:21:26","1","522","Lexware financial office","2022","Finanzbuchhaltung Drittanbieterlösung, aktuelle Version einsetzen, Windows Server, Windows Client","","aus Originalquelle","Lizenzsoftware","","im Installationspaket","sc",""
"2022-11-24 16:01:54","6","94","LibreOffice","7.4.3","eingeschränkte Microsoft-Office Alternative (x86_64 = 64-Bit, nur für Word und Excel, enthält kein E-Mail-Programm). Erstellt ausfüllbare PDF-Formulare aus Word-Dateien, kann QR-Codes erzeugen und Office-Formate lesen und schreiben. Repack ist auf Koexistenz mit Microsoft Office auf dem System eingestellt, nimmt keine Office Verknüpfungen, installiert nur DE. Ist ohne LOG4.","Deploy, Repack","Internet","GPL-Lizenz, kostenfrei","libreoffice.org","im Installationspaket","sc","https://download.documentfoundation.org/libreoffice/testing/"
"2022-01-14 15:38:07","5","529","MailStore Server","13.0.2","Drittanbieter-Mailarchiv (läuft auf Windows Server 2016) - in M365BP-Plänen ist Mailarchiv enthalten","","Internet","Lizenzsoftware","","","sx","https://www.mailstore.com/de/"
"2020-04-10 11:00:57","8","101","Microsip","3.19.28","SIP IP-Telefonie Softphone VoIP-Client Open-Source, die Lite-Version portable reicht aus. Die passende OSS android app ist: Csipsimple  (alternativ kann unter Windows die Freeware Phonerlite verwendet werden, die mehr Komfort bietet)","","Internet","GPL-Lizenz, kostenfrei","Microsip Project","im Installationspaket","c","https://www.microsip.org"
"2022-11-08 20:58:41","9","433","Microsoft .NET Desktop Runtime","7.0.0","Programmbibliothek von Microsoft, die von vielen modernen Programmen (wie Microsoft Powertoys, paintdotnet, WLAN-Werkzeugen) benötigt wird. Aktuelle LTS-Version, 64-Bit empfohlen. Direktlink: dotnet.microsoft.com/en-us/download/dotnet/thank-you/runtime-desktop-6.0.X-windows-x64-installer","Deploy","Internet","kostenfrei, Redistribution erlaubt","Microsoft Corporation","im Installationspaket und auf der Webseite","c","https://dotnet.microsoft.com/en-us/download/dotnet"
"2022-07-10 11:47:26","10","261","Microsoft 365 Admin Portal","1.0","zum Administrieren von Office 365 (neu: Microsoft 365 Apps) und Exchange Online Usern und Postfächern, Teams und Sharepoint","","","","","","","https://www.office.com/login"
"2022-07-24 12:22:18","10","115","Microsoft 365 Apps","16.0.15726.20188","Aktueller Kanal (14-tägige Funktions-Updates), Microsoft 365 Apps for Enterprise oder Business (ehemals Proplus), Microsoft 365 Business Premium, Microsoft 365 E3-Plan. Mehr Funktionen als bei den Kauf-Versionen von Office und je nach Plan Cloud-Storage inklusive","Deploy, Repack","Internet","Mietlizenz Subscription","Microsoft","auf der Internetseite","sc","https://docs.microsoft.com/de-de/officeupdates/update-history-microsoft365-apps-by-date"
"2022-01-07 12:10:22","9","497","Microsoft Application Request Routing","3.0.05311","Reverse Proxy Software für den Internet-Information Server zur Absicherung von anderen internen Webserverdiensten, wenn diese über den IIS aus dem Internet erreicht werden und keinen eigenen SSL-Port nach außen benötigen sollen.","","Internet","in Windows enthalten","Microsoft","im Installationspaket","s",""
"2022-07-10 11:46:50","10","441","Microsoft Azure - Adminportal","1.0","zum Administrieren von Azure Server-Umgebungen und Defender-Virenschutz. Mit Firmenkonto - bestenfalls gesichert über Multifaktor (Authenticator App)","","","","","","","https://portal.azure.com/"
"2020-04-10 08:00:37","10","260","Microsoft Azure - Preisrechner","1.0","Microsoft Cloud Ressourcen (virtuelle Server, Storage, Backup, Dienste) zusammenstellen und monatlichen Miet-Preis errechnen","","","","","","","https://azure.microsoft.com/de-de/pricing/calculator/"
"2022-01-01 13:15:06","10","484","Microsoft Azure AD Connect","1.5.45.0","Dienst, um die Active Directory-Objekte nach Azure AD (für Microsoft365 und Exchange online und Teams) zu synchronisieren","","","kostenfrei","Microsoft Corporation","","s",""
"2022-01-01 13:12:05","9","483","Microsoft Dynamics 365 Business Central","20","Plattform für die gevis ERP|BC Warenwirtschaft der GWS. Besteht aus SQL-Server, Batch-Servern, NST-Webservern, Client im Chrome Browser","","aus Originalquelle","Lizenzsoftware","GWS mbH","im Installationspaket","s",""
"2022-01-02 09:32:35","5","492","Microsoft Dynamics NAV","11.0","Microsoft Warenwirtschaft, Plattform für gevis ERP, auch RTC, role taylored client bezeichnet. Letze Version war 2018, Nachfolger ist Business Central","","aus Originalquelle","Mietlizenz Subscription","GWS mbH","","sc",""
"2022-11-22 14:11:03","8","65","Microsoft Edge","107.0.1418.56","Ersatzbrowser, Chrome Enterprise als Standard Browser verwenden. Basiert auf Chromium-Projekt, integrierte Autoupdates, Edge Enterprise MSI Paket 64-Bit standalone, Gruppenrichtlinien (aus Microsoft Downloadbereich) in Central Store importieren/konfigurieren","Deploy","aus Originalquelle","kostenfrei auch kommerziell","Microsoft","auf der Internetseite","sc","https://www.microsoft.com/en-us/edge/business/download"
"2019-01-30 10:00:00","8","105","Microsoft Exchange Server","2019","SELECT-Originaldatenträger (Kunde muss Beitritt gez. haben), eOpen (VLSC-Lizenz), User CAL pro Postfach, Exchange online ist günstiger ","","Internet","Lizenzsoftware","Microsoft","im Installationspaket","s","https://www.microsoft.com/office"
"2016-01-30 10:00:00","3","109","Microsoft Image Composite Editor","2.0.3","Microsoft Research ICE: Programm zum Erstellen von Panoramafotos (stitch) aus Bildern und Videos. Mittlerweile kann jedes Smartphone Panorama-Aufnahmen erstellen, daher nur noch sinnvoll, wenn man mit einer Digitalkamera arbeitet und Einzelaufnahmen zu einem Panorama stitchen möchte.","","aus Originalquelle","kostenfrei nichtkommerziell, Lizenzsoftware kommerziell","Microsoft Research","im Installationspaket","c","https://research.microsoft.com/en-us/um/redmond/groups/ivm/ICE/"
"2022-01-02 09:31:02","10","491","Microsoft Intune Management Extension","1.56.103.0","Verwaltungsschnittstelle für gemanagte Windows-Geräte mit Intune","","aus Originalquelle","Mietlizenz Subscription","Microsoft","","c",""
"2022-09-18 10:38:09","5","414","Microsoft ODBC Treiber","17.10.1.1","Achtung: Version 18.x funktioniert nicht sauber (Zertifikatfehler beim Verbinden). Bevorzugt ist der Treiber 17 zu verwenden. Die 64-Bit-Version (ca. 4,5 MB) ist die empfohlene Installationsvariante des Treibers. Sie enthält auch den 32-Bit-Treiber. Danach eine ODBC-Datenquelle (System DSN) anlegen in 32-Bit (wenn Office wie empfohlen in 32-Bit installiert) oder 64-Bit (falls Office in 64-Bit installiert ist)","Deploy","Internet","Lizenzsoftware","Microsoft","im Installationspaket","sc","https://learn.microsoft.com/de-de/sql/connect/odbc/download-odbc-driver-for-sql-server?view=sql-server-ver15"
"2022-07-24 12:23:34","2","116","Microsoft Office","16.0.15726.20188","Standard, Home & Business, Professional Plus Kauflizenzen, Click2Run-Verfahren: Lizenz vom OEM für das Gerät hinterlegt. Nach Anmeldung mit Microsoft-Konto wird  Lizenz dem Gerät zugeordnet. Alternativ Lizenzschlüssel aus dem Microsoft Store aktivieren, SETUP ausführen, Software herunterladen.","optional","Internet","Lizenzsoftware","Microsoft","auf der Internetseite","c","https://www.microsoft.com/office"
"2022-11-08 20:52:45","8","120","Microsoft Office LTSC","16.0.15726.20188","Aktuell: Version 2021 - Click2Run-Verfahren: Aktivieren mit MAK oder KMS key. Nur mit Software-Assurance. Lizenznachweis im VLSC. Nur mit Software-Assurance in Azure/AVD einsetzbar. Installation mit ODT administrierbar.","","Internet","Lizenzsoftware","Microsoft","auf der Internetseite","c","https://www.microsoft.com/office"
"2022-11-23 10:13:01","9","480","Microsoft OneDrive","22.225.1026.0001","Windows Client zur Synchronisation mit Onedrive (kostenlos, USA) oder Onedive for Business (in M365 Plänen). Lauffähig auf Windows 10 Clients und unter Azure Virtual Desktop. Nicht nutzbar unter RDS-Terminalservern","","aus Originalquelle","in Windows enthalten","Microsoft","","c",""
"2022-02-24 14:49:47","9","125","Microsoft Runtimes VC Redistabutables","12.13.15-21","Visual C++ Runtime Redistributables (MSVC) von Microsoft sind für viele Softwareprodukte erforderlich. Paket installiert 2012, 2015 und 2015-21 neu mit den aktuellen Sicherheits-Patches. Installiert werden jeweils die x86 und x64 Versionen. 2008 und 2010 sind im Repack noch enthalten, werden aber nicht mehr installiert, bzw. wenn  installiert, entfernt!","Deploy, Repack","Internet","kostenfrei, Redistribution erlaubt","Microsoft","im Installationspaket","","https://support.microsoft.com/de-de/help/2977003/the-latest-supported-visual-c-downloads"
"2018-03-01 10:00:00","8","128","Microsoft SQL Server","2019","Datenbankserver für zahlreiche Produkte wie gevis, s.dok, BI1 der GWS, in Azure zu mieten mit der VM, On-Premises: CSP SELECTPlus oder E-OPEN Volumenlizenz:  Originaldatenträger-Download aus dem VLSC","optional","Internet","Lizenzsoftware","Microsoft","auf der Internetseite","s","https://www.microsoft.com/de-de/sql-server/sql-server-editions-express"
"2022-08-19 10:43:06","9","510","Microsoft SQL Server Management Studio","18.12.1","Verwaltungskonsole für den Microsoft SQL-Server. Seit SQL-Server Version 2016 ist das Managementstudio ein eigenständiges Programm und sollte immer auf dem aktuellen Stand sein. Update normalerweise ohne Neustart des SQL-Servers möglich.","","Internet","Lizenzsoftware","Microsoft","auf der Internetseite","s","https://www.microsoft.com/de-de/sql-server/sql-server-editions-express"
"2022-11-17 08:37:09","10","130","Microsoft Teams","1.5.00.31168","Videokonferenzen, Chats, Kanäle, Dateiaustausch, Telefonanlage, Oberfläche für verschiedene Quellformate mit aktiver Benachrichtigung, Basis-Version limitiert und kostenfrei, in einigen Plänen von Microsoft 365 voller Funktionsumfang. Release Channel.","Deploy","aus Originalquelle","Mietlizenz Subscription","Microsoft","im Playstore","sc","https://go.microsoft.com/fwlink/p/?linkid=869426&lm=deeplink&lmsrc=groupchatmarketingpageweb&cmpid=directdownloadwin64"
"2022-10-28 14:27:02","10","135","Microsoft Visio","16.0.15726.20188","Zeichensoftware aus der Office-Reihe von Microsoft: Netzwerkpläne, Organigramme grafisch (Professional oder 365 Pro empfohlen, es gibt auch Visio Standard Volumenlizenz oder Zusatzmodul für 365 Miete) Updateversion ist identisch mit dem build von Microsoft 365 16.x.xxxxx.xxxxx.","Deploy, Repack","Internet","Lizenzsoftware","Microsoft","auf der Internetseite","c","https://www.microsoft.com/de-de/microsoft-365/visio/flowchart-software"
"2020-04-10 08:00:37","10","262","Microsoft Volumen-Lizenzportal","1.0","auch VLSC genannt. Verwalten Sie Ihre Volumenlizenzen Downloads und Schlüssel von e-Open Verträgen. Optimal mit Internet Explorer 11, funktioniert aber auch mit Chromium basierten Browsern wieder","","","","","","","https://www.microsoft.com/Licensing/servicecenter/default.aspx?wa=wsignin1.0"
"2022-11-08 20:43:20","10","252","Microsoft Windows 10","10.0.19045.2251","Windows 10 22H2 (64-Bit), Aktualisierung am 2. Dienstag im Monat (Sicherheit) und 2 Wochen später (Fehlerkorrekturen und kleinere neue Funktionen), Neuer Build  jährlich im Herbst. Sicherheitspatches für Verbraucher enden Oktober 2025. Danach ESU oder Azure Virtual Desktops. Pro-Version zum Kauf mit Gerät (OEM), Enterprise und Business Version zur Miete. Kleines Update, schaltet Features frei,","Deploy","aus Originalquelle","Lizenzsoftware oder Subscription","Microsoft","im Installationspaket","c","https://support.microsoft.com/de-de/hub/4338813/windows-help?os=windows-10"
"2022-09-22 16:05:09","1","416","Microsoft Windows 11","11.0.22622","Nicht empfohlen! Neuste Windows Version (64-Bit), 22H2 (2022 Update 1) Nickel Release mit Funktionsupdates (hinter dem Punkt). Aktualisierung am 2. Dienstag im Monat (Sicherheit) und 2 Wochen später (Fehlerkorrekturen und kleinere neue Funktionen), planmäßige Regel-Upgrades 1x pro Jahr immer im Herbst. Highlights: Neue Benutzeroberfläche, anderes Startmenü, keine Livekacheln, sondern Widget-Bereich, touchfreundlicher, frisches Design. Erfordert UEFI/Secure Boot/TPM 2.0, Prozessor neuere Generation) - Alte Hardware wird nicht unterstützt.","Deploy","aus Originalquelle","Lizenzsoftware oder Subscription","Microsoft","im Installationspaket","cx","https://support.microsoft.com/de-de/hub/4338813/windows-help?os=windows-10"
"2022-07-16 10:40:56","10","144","Microsoft Windows Server","10.0.20348","LTSC-Version 2022 (Long Term Service Channel), Sicherheitsupdates 1x pro Monat, Start-build: 20348.169 (ferrum Release). Neue Funktionen, GUI aktualisiert, entspricht etwa Windows 10 21H2. Lizenzmodell wird beibehalten (OEM oder Volumenlizenzen, alles aber nur als LTSC Versionen), Supportzeit auf 5 Jahre verkürzt, Sicherheitsupdates nach wie vor 10 Jahre). Supportende ist: 13.10.2026, Updates bis 14.10.2031","Deploy","aus Originalquelle","Lizenzsoftware oder Subscription","Microsoft","im Installationspaket","s","https://www.microsoft.com/de-de/cloud-platform/windows-server"
"2021-07-29 14:15:01","9","151","MirrorOp","2.5.4.70","Software (MirrorOp Sender) zur Ansteuerung der AWIND Bildschirmsteuerungsgeräte (PC-Bildschirm auf Fernseher/Beamer) - Jetzt von BARCO übernommen. Treiber über deren Website","Deploy","aus Originalquelle","hardwaregebunden","Barco","im Playstore","c","https://www.barco.com/en/support/mirrorop/drivers"
"2022-11-14 18:59:40","1","451","Mozilla Firefox","107.0","Deinstallation empfohlen. mit Google Chrome für Enterprise (Standardbroiwser) und Microsoft Edge für Enterprise (als Ersatzbrowser) können alle bekannten Seiten dargestellt werden. Durch GPOs verwaltbar. Firefox braucht für Sicherheitsupdates länger und führt sie nicht vollautomatisch durch.","","Internet","kostenfrei auch kommerziell","Mozilla Project","","x","https://www.mozilla.org/de/firefox/new/"
"2022-11-16 08:40:11","1","507","Mozilla Thunderbird","102.5.0","alternativer E-Mail-Client der Mozilla Foundation, Im geschäftlichen Umfeld braucht man meistens auch Kalender und Kontakte synchronisiert. Hier ist Outlook deutlich besser, aber kostenpflichtig. Wer auf Funktionen und Schnittstellen wie olhandler verzichten kann, verwendet die Mail und Kalender App von Windows 10.","","Internet","GPL-Lizenz, kostenfrei","Mozilla Foundation","im Installationspaket","x","https://www.thunderbird.net/de/"
"2022-01-29 10:08:06","10","152","MP3DirectCut","2.36","mp3DirectCut ist ein schneller und umfassender Audio-Editor für codierte MP3- und AAC-Dateien. Ohne direkt neu zu codieren, schneiden, zuschneiden, teilen und verbinden Sie Ihre Tracks, erstellen Sie Überblendungen in MP3.","Deploy, Repack","aus Originalquelle","kostenfrei auch kommerziell","Martin Pesch","im Installationspaket","c","https://mpesch3.de/"
"2016-01-30 10:00:00","10","153","MP3Gain","1.3.5","Musikbearbeitungssoftware, Pegelnormalisierung durch ID3-Tag ohne Veränderung der Musikdaten","Deploy, Repack","Internet","GPL-Lizenz, kostenfrei","GPL","im Installationspaket","c","http://mp3gain.sourceforge.net/"
"2022-10-15 15:53:32","10","154","MP3Tag","3.18","Musik-Bearbeitungs-Software und Mp3-Tools: MP3DirectCut:2.36 AMOKPLaylistCopy:2.0.6* MP3Gain:1.4.6* - jetzt auch als 64-Bit-Version. Tag-Informationen, Cover, Lyrics, Bearbeiten der MP3-Tags, Importieren von Unsyncedlyrics und Discogs und MusicXmatch, Stapelverarbeitung von mehreren Songs, Cover exportieren, Listen erstellen.","Deploy, Repack","aus Originalquelle","kostenfrei auch kommerziell","Florian Heidenreich","im Installationspaket","c","https://www.mp3tag.de/"
"2022-04-07 13:15:07","2","291","mRemoteNG","1.77.2.202201","nicht mehr empfohlen, da Microsoft RDCMan für RDP-Verbindungen besser, Open-Audit für VNC-Verbindungen || Server, Drucker, PCs administrieren und Fernwarten. RDP, VNC, SSH, Telnet und HTTP(s) Verbindungen über eine zentrale Oberfläche verwalten. Verbindungsimport über IP-Scan, Active Directory oder Import von .RDG-Dateien. Gruppenbildung, mehrere Verbindungen auf einen Mausklick starten. Achtung! Nur die Develop-Version 1.77 und neuer steuert den RDP-Client von Windows fern und ist damit sicherer. Außerdem hat nur diese Version Features, die der RDCMan von Microsoft hatte. Benötigt nun .net Desktop Runtime 6, CEF wurde durch Edge Webview2 ersetzt, Browserdarstellung wird dadurch aktualisiert. Projekt gibt alle 6 Monate einen nightly build aus.","","Internet","GPL-Lizenz, kostenfrei","mRemote NG Projekt","auf der Internetseite","x","https://github.com/mRemoteNG/mRemoteNG/releases"
"2020-04-10 08:00:37","8","263","MSXFAQ Exchange Ressource","1.0","Die unabhängige Sammlung von Themen und Hilfestellungen rund um Microsoft Office 365 bzw. Microsoft 365 Apps und Exchange","","","","","","","https://www.msxfaq.de/"
"2022-09-19 15:03:13","8","158","MyPhoneExplorer","2.0","Portable Software zum Synchronisieren von Outlook mit Android-Telefonen und für Adressbuchpflege von lokalen Kontakten oder im Telefon oder auf der SIM gespeicherten SMS, MMS und Verbindungen. Funktioniert auch für alte SonyEricsson Telefone wie W810i (Sony-Ericsson-USB-Treiber erforderlich). Koppelung des Smartphones per Bluetooth oder USB-Kabel. Unter android muss dazu die MyphoneExplorer app installiert werden.","Deploy, Repack","aus Originalquelle","kostenfrei auch kommerziell","FJSoft Austria","im Playstore","c","https://www.fjsoft.at/de/downloads.php"
"2020-10-27 20:30:46","8","249","NAPS2","6.1.2","PDF-Scanner mit OCR-Funktion für Netzwerkscanner oder Multifunktionsgerät (z. B. alten Officejet) per USB verbinden, Software bietet Oberfläche zum Scannen von Dokumenten und steuert das Gerät vie WIA oder Twain-Schnittstelle","Deploy","Internet","kostenfrei auch kommerziell","Ben Olden-Cooligan","im Installationspaket","","https://www.naps2.com/download.html"
"2022-01-14 15:40:20","2","530","NCP Secure Enterprise Client Suite","10.10.29213","kostenpflichtiger Drittanbieter VPN Client, kann durch Barracuda vpn oder AVD Client ersetzt werden, wenn eins der Produkte zum Einsatz kommt.","","Internet","Lizenzsoftware","","","cx","https://www.ncp-e.com/de/service/download-vpn-client/"
"2022-11-11 11:29:14","5","543","NetPhone Client","11.41","Netphone CTI-Software und Softphone für Telekom Netphone Cloud-Telefonanlagen","","aus Originalquelle","Lizenzsoftware","","","sc","https://public.telekom.de/produkte/kommunikation/octopus-netphone"
"2022-11-08 17:13:10","10","164","Notepad","8.4.7","Notepad++ als Notepad-Ersatz registriert sich als Standard-Editor. Ordner-Navigation einschaltbar. Farbige Code-Darstellung (64-Bit empfohlen). Plugin für Dateivergleich im Paket. Auto-Updater deaktiviert.","Deploy, Repack","Internet","GPL-Lizenz, kostenfrei","Sourceforge","im Installationspaket","sc","https://notepad-plus-plus.org/download/v7.7.1.html"
"2022-01-27 13:36:25","7","476","Npcap","1.70","Netzwerktreiber für die Benutzung von NMAP in Verbindung mit OpenAudit Classic zur Inventarisierung von Switches, Routern, Accesspoints, Kameras, TVs, IP-Telefonen und anderen Netzwerk-Infrastruktur-Komponenten","","Internet","GPL-Lizenz, kostenfrei","NPCAP auf Github","auf der Internetseite","s","https://nmap.org/download#windows"
"2022-11-06 11:01:27","10","418","OBS Studio","28.1.2","Open Broadcaster Software - Video-Streaming und -Aufzeichnung (Bildschirmaufzeichnung von Bildschirm(en) und Tonspur, Bild-In-Bild externe Videoquellen wie  Webcam einzublenden. So kann man sein eigenes Bild unten rechts in das Video mit einbinden. Videoaufnahme vesser als bei ShareX.","Deploy","Internet","GPL-Lizenz, kostenfrei","Open Broadcaster Software Projekt","im Installationspaket","c","https://obsproject.com/de/download"
"2020-04-10 08:00:37","8","264","Office Deployment Config Editor online","1.0","Installationsdateien für die Unattended Installation von Office und Office 365 bzw. Microsoft 365 Apps erstellen online. Funktioniert für Click-2-Run-Installer-Pakete ab Office 2019","","","","","","","https://config.office.com/"
"2022-07-15 13:35:58","5","446","OfficeMaster Suite","07.10.1942","Mail to Fax-Lösung. Für die Verbindung zu Exchange online wird mindestens Version 7.10DX benötigt. Wenn die Telefonanlage von Ferrari electronic unterstützt wird: SIP-Fax, ansonsten OfficeMaster Gate an ISDN-Nebenstelle, sofern noch verfügbar.","","aus Originalquelle","Lizenzsoftware","Ferrari electronic","","s","https://www.ferrari-electronic.de/produkte/officemaster-suite.html"
"2022-11-23 14:38:14","10","167","Open-Audit Classic","2022.11.23","Inventar für Software, Hardware und Netzwerk. Installationspaket enthält Quellcode. Apache 2.4.54x64-VC16, MySQLMariaDB 10.4.27x64, PHP 8.0.26x64-thsafe, phpMyAdmin 5.2.0x64, NMap 7.93, NPCap 1.71(extern), Wordpress 6.1, VCRuntimes aktuell. Wordpress (mit freien Themes und Plugins) optional für Intranets. Visual C Runtimes enthalten. Installationspaket (Inno-Installer) im Downloadbereich. Neu: Excel-Export XLSX und php.26","Deploy, Repack","Internet","GPL-Lizenz, kostenfrei","OpenAudit Classic Projekt","im Installationspaket","s","https://github.com/svenbolte/Open-Audit-Classic"
"2022-11-23 14:38:10","1","511","Opera","93.0.4585.21","Alternativer Browser, basiert auf Webkit Engine und dem Chromium Projekt. Für den Einsatz in IT-Umgebungen lassen sich aber Google Chrome bzw. Microsoft Edge (jeweils für Enterprise) mit zahlreichen GPOs administrieren und bringen schneller Sicherheitsupdates heraus.","","Internet","kostenfrei","Opera Software AS","im Installationspaket","x","https://www.opera.com/de/download"
"2022-11-18 14:05:46","4","513","Oracle VM VirtualBox","7.0.4","Alternative Client Virtualisierung (Hypervisor), sofern kein Client-Hyper-V (ab Windows 10 Pro) zur Verfügung steht, ansonsten nicht erforderlich","","Internet","GPL-Lizenz, kostenfrei","Oracle","im Installationspaket","x","https://www.virtualbox.org/wiki/Downloads"
"2022-11-25 11:47:38","10","168","Paint.NET","4.3.12","Bildbearbeitung, beherrscht Photoshop-Funktionen wie Layer, viele Dateitypen (File Extensions aus dem PDN Forum). Effekte und Dateitypen aktualisiert. Kann Photoshop PSD-Dateien verarbeiten. Desktop-Variante nehmen, da Microsoft Store-App kostenpflichtig ist. Alte Version bitte vorher deinstallieren. Repack aus der Portable Version 64-Bit (Download unten im Link), verwendet nun .net Framework 6 (enthalten). Website: getpaint.net. Bugfix Release.","Deploy, Repack","Github","kostenfrei auch kommerziell","dotnet LLC","im Installationspaket","sc","https://github.com/paintdotnet/release/releases"
"2022-09-28 10:58:26","1","500","PDF-XChange Editor","9.4.364.0","aktuelle Versionen sind lizenzpflichtig, alte Versionen übermitteln Datenschutzrelevante Infos","","","Lizenzsoftware","Tracker Software","","x",""
"2022-01-08 15:13:00","1","501","PDF Architect","8","Shareware, deinstallieren, sofern keine Lizenz erworben wurde","","","Lizenzsoftware","","","x",""
"2022-10-31 14:37:14","5","171","PDF24 Creator","11.7.0","ACHTUNG: Version 11.1.0 empfohlen. Bei neueren Versionen funktionieren Tools wie Verbinden nicht mehr ohne JAVA19!  Druckertreiber zum Erstellen von PDF-Dateien, Werkzeuge: PDF kombinieren, Seiten extrahieren, optimieren, neu assemblieren, OCR, verschlüsseln, Custom: Cloudfunktionen und online/offline-Toolbox und JRE entfernt, 300MB Webview entfernt, eigenes Logobild, Link deaktiviert, Windows-Druckdienst, Auto-speichern nach c:/temp, Redistribution erlaubt, Voreinstellungen für alle Benutzer","Deploy, Repack","Internet","kostenfrei auch kommerziell","Geek Software GmbH","im Installationspaket","sc","https://tools.pdf24.org/de/creator"
"2022-11-17 17:54:19","1","464","PDFCreator","5.0.2","mittlerweile Freemium, PDF24 Creator besser und kostenfrei","","Internet","Lizenzsoftware","pdfforge GmbH","im Installationspaket","x",""
"2022-07-15 14:02:16","8","452","PERFIDIA Standalone","4.00.175","Meldungen zur Sozialversicherung übertragen, ist meist auf einem der Server installiert, keine Besonderheiten","","aus Originalquelle","Lizenzsoftware","","","s","https://www.perfidia.de/Perfidia"
"2022-08-18 13:28:26","10","175","PhonerLite","3.8.0.0","SIP IP-Telefonie Softphone VoIP-Client Freeware, zur Anbindung an SIP-Telefonanlagen oder Fritz!Boxen, benutzt Mikrofon und Lautsprecher vom PC/Notebook für Audio. 64-Bit Version verfügbar und empfohlen.","Deploy, Repack","aus Originalquelle","kostenfrei","Heiko Sommerfeldt","im Installationspaket","c","https://lite.phoner.de/index_de.htm"
"2022-11-16 10:23:03","10","177","Plex Media Server","1.29.2.6364","DLNA-Server und Service-Installer  - jetzt nur noch als 64-Bit-Version - mit Web-Oberfläche, der sich über den PMA Service Installer als Dienst lädt, stabiler, kostenloser Home Streaming Server. Online-Dienste und Plex-Konto müssen nicht genutzt werden, Oberfläche hat automatischen Updater. Nicht verwechseln mit der Plex App 1.42! Dies ist der benötigte Server.","Deploy, Repack","aus Originalquelle","kostenfrei nichtkommerziell, Lizenzsoftware kommerziell","plex.tv","im Installationspaket","s","https://www.plex.tv/media-server-downloads/#plex-app"
"2020-04-10 08:00:37","10","265","PLZ-Suche - Deutsche Post","1.0","Postleitzahlen suchen und finden","","","","","","","https://plz1.postdirekt.de/plzserver/PlzSearchServlet"
"2016-01-30 10:00:00","10","178","Posterazor","1.9.5","Erstellen von Postern aus Einzelbildern als PDF","Deploy, Repack","Internet","GPL-Lizenz, kostenfrei","Sourceforge","im Installationspaket","c","https://posterazor.sourceforge.net"
"2022-11-11 15:43:39","9","179","PostgreSQL","13.9-1","Open Source SQL-Datenbank (64-Bit) für Web-Anwendungen wie Active Server Pages (ASP) und 32-Bit ODBC-Treiber (PSQLODBC MSI 13.0.2) für Office-Zugriff auf Datenbank, EnterpriseDB-Installer enthält aktuelles PGadmin. StackBuilder braucht nicht installiert werden, die möglicherweise doppelt installierte Visual C Runtime 2015 kann nachher entfernt werden. Enthält Bugfixes und Sicherheitspatches. Support und Updates für Version 13 bis November 2025. Punkt-Updates alle drei Monate","Deploy","Internet","GPL-Lizenz, kostenfrei","Postgres Community","im Installationspaket","s","https://www.postgresql.org/"
"2022-01-08 15:19:25","4","504","PowerChute Network Shutdown","3.1","(nur für On-Premises Server) Softwaredienst, der Hyper-V-Hosts und andere Physische Server automatisch herunterfährt. Funktioniert mit SmartUPS USV mit Netzwerkinterface","","","hardwaregebunden","APC by Schneider Electric","im Installationspaket","sx",""
"2022-07-15 13:20:33","8","444","Profi cash","12.0","Banking-Software der Volks- und Raiffensen/vr-Banken, läuft meist auf 1-2 Windows Clients, legt Daten und Datensicherung auf den Fileserver, wird durch die regionale Volksbank vertrieben.","","aus Originalquelle","Lizenzsoftware","Atruvia AG","","sc","https://atruvia.de/profi-cash"
"2022-01-08 15:14:40","8","502","PTV Mapserver","5","Kartenanzeige in der AIS Mobility App, wird über AIS lizensiert","","aus Originalquelle","Lizenzsoftware","AIS GmbH Ulm","","s",""
"2022-10-29 10:27:40","8","182","PuTTY","0.78","SSH-Client, Telnet Client mit serieller Unterstützung (VT-100-Terminal), beispielsweise für Router-Konfiguration oder ct Dialler, auch im Installationspaket von BGInfo Mod enthalten","Deploy, Repack","Internet","GPL-Lizenz, kostenfrei","GPL","auf der Internetseite","c","https://www.chiark.greenend.org.uk/~sgtatham/putty/latest.html"
"2020-04-10 08:00:37","8","266","QR - JavaScript qrcode Generator","1.0","QR-Code Generator (Matrix-Codes) online erstellen und testen - verschiedene Typen verfügbar. QR-Codes können mit dem Smartphone erfasst werden (Webseite, Visitenkarte, jmd. anrufen, Kalendereintrag...)","","","","","","","https://www.jsqr.de/encode.html"
"2022-04-17 12:18:39","7","438","Quicksync","9.0.884","Gigaset Firmware-Updates und Outlook (32-Bit-Version erforderlich) Kontakte-Sync für Gigaset Schnurlostelefone. Funktioniert nicht mit der 64-Bit-Version von Office, kann aber auch Google Kontakte synchronisieren. Alternative: Gigaset Gtool. Enthält USB-Treiber.","Deploy","Internet","hardwaregebunden","Gigaset GmbH","im Installationspaket","c","https://gse.gigaset.com/fileadmin/gigaset/images/CORE/QuickSync/V9.0_884_Windows/setup_Gigaset_QuickSync_9_0_64bit.exe"
"2022-02-09 08:41:37","10","420","Remote Desktop Connection Manager","2.90","auch RDCMan. Konsole zum Verwalten von RDP-Verbindungen durch Administratoren. Nach Einstellung des Projekts März 2020 nun von Microsoft Sysinternals weiterentwickelt, Sicherheitslücken entfernt. Erstellt RDG-Dateien, zeigt Thumbnails der Serverkonsolen, Einstellungen werden vererbt. Kennwort Hashwert kann in Steuerdatei verschlüsselt gespeichert werden. Schlanke Alternative zum mRemote NG.Auch für Azure Server geeignet.","Deploy, Repack","Internet","kostenfrei auch kommerziell","Microsoft","im Installationspaket","c","https://docs.microsoft.com/en-us/sysinternals/downloads/rdcman"
"2022-08-04 08:38:44","10","190","Rufus","3.20","Startfähige (Boot) USB-Datenträger aus ISO Dateien erstellen (wie USB DVD Tool von Microsoft) beispielsweise für die Installation von Windows 10 oder Windows 11 oder Server 20xx - Portable Version, kann auch mit großen USB-Datenträgern umgehen, Für UEFI und BIOS geeignet. Nun auch mit Installation ohne Microsoft-Konto-Schalter und Windows 11 Inplace Bypass Funktion - falls doch jemand Windows 11 ausprobieren möchte, ohne neue Rechner anzuschaffen :P","Deploy, Repack","Internet","GPL-Lizenz, kostenfrei","GPL","auf der Internetseite","c","https://rufus.ie/de"
"2022-11-01 11:58:26","7","538","RVTools","4.3.1","Ideal zur Dokumentation von vmware vsphere Umgebungen. Listet VMs und Hosts mit vielen Informationen auf.","Deploy","Internet","kostenfrei auch kommerziell","Rob de Veij","im Installationspaket","s","https://www.robware.net/rvtools/download/"
"2022-01-29 16:26:34","1","523","Sage HR","19.1","Lohn- und Gehalt Drittanbieter Lösung, gesehen auf Server 2016 und Client auf Windows 10 oder Terminalserver/Citrix","","aus Originalquelle","Lizenzsoftware","","im Installationspaket","sc",""
"2021-01-31 12:34:25","8","191","Samsung Galaxy A5 2017","A520FXXSFCTKA","android 8.0 Change 13712092* - Oreo android (OTA oder mit ODIN flashen, Firmware über das Samfirm Tool, erhält nur noch etwa alle drei Monate Updates und Google Notfall-Patches, aber keine monatlichen Updates und seit Jan 2019 keine Samsung Patches mehr) - EOL","","Samsung Downloads","Samsung und GPL-Lizenz","Samsung","Telefon Einstellungen Geräteinfo","","https://www.sammobile.com/firmwares/galaxy-a5/SM-A520F/"
"2022-11-05 20:04:37","10","248","Samsung Galaxy A50","A505FNXXS9CVJ3","android 11 Change 24323734 - enthält Samsung OneUI 3.0 Oberfläche - R android monatliches Sicherheitsupdate (OTA automatisches Update oder Firmware über das Samfirm Tool herunterladen und mit Samsung ODIN flashen, erhält Google Patches bis Mitte 2022) - das A50 ist das optimale Business-Smartphone mit hervorragendem Preis-Leistungs-Verhältnis und langer Akkulaufzeit sowie großem Display - Komplett neue Oberfläche, zeigt jetzt Ladezeit bis voll an. Enterprise-Version verfügbar bei den Providern. Alternative: A52s für 5G Nutzung. Achtung Seit März 2022: Die Nicht-Enterprise-Modelle bekommen Sicherheitsupdates nur noch alle 3 Monate.","Deploy","Samsung Downloadserver","Samsung und GPL-Lizenz","Samsung","Telefon Einstellungen Geräteinfo","","https://www.sammobile.com/firmwares/galaxy-a50/SM-A505FN/"
"2016-09-30 10:00:00","6","192","Samsung Galaxy S4","I9505XXUHPG1","android 5.0.1 O2U Changelist 5978264 - Lollipop android (mit ODIN flashen, Firmware über das Samfirm Tool) - EOL - Patches Aug 2017","","Samsung Downloads","Samsung und GPL-Lizenz","Samsung","Telefon Einstellungen Geräteinfo","","https://www.sammobile.com/firmwares/"
"2018-08-01 10:00:00","6","193","Samsung Galaxy S5","G900FXXU1CRH1","android 6.0.1 BTU Changelist 14131106 - Marshmallow android (mit ODIN flashen, Firmware über das Samfirm Tool) - EOL - Patches Feb 2018","","Samsung Downloads","Samsung und GPL-Lizenz","Samsung","Telefon Einstellungen Geräteinfo","","https://www.sammobile.com/firmwares/"
"2018-02-05 10:00:00","6","194","Samsung Galaxy S5 mini","G800FXXU1CRB1","android 6.0.1 DBT Changelist 12199223 - Marshmallow android (mit ODIN flashen, Firmware über das Samfirm Tool) - EOL - Patches Aug 2017","","Samsung Downloads","Samsung und GPL-Lizenz","Samsung","Telefon Einstellungen Geräteinfo","","https://www.sammobile.com/firmwares/"
"2018-11-16 10:00:00","6","195","Samsung Galaxy S5 neo","G903FXXU1BRH2","android 6.0.1 DBT Changelist 14252124 - Marshmallow android (mit ODIN flashen, Firmware über das Samfirm Tool) - EOL - Patches Apr 2018","","Samsung Downloads","Samsung und GPL-Lizenz","Samsung","Telefon Einstellungen Geräteinfo","","https://www.sammobile.com/firmwares/"
"2018-02-18 10:00:00","6","196","Samsung Galaxy Tab E","T560XXU0ARA1","android 4.4.4 DBT Changelist 1258138 - Kitkat android (mit ODIN flashen, Firmware über das Samfirm Tool) - EOL - Patches Aug 2017","","Samsung Downloads","Samsung und GPL-Lizenz","Samsung","Telefon Einstellungen Geräteinfo","","https://www.sammobile.com/firmwares/"
"2022-07-15 13:18:22","7","443","SFirm","4.5","Banking-Software der Sparkassen-Finanzgruppe, meist auf PCs installiert, Datenablage und Sicherungen auf dem Fileserver","","aus Originalquelle","Lizenzsoftware","","","sc","https://www.sfirm.de/sfirm"
"2022-07-21 12:58:47","10","202","ShareX Screen Recorder","14.1.0.0","Bildschirm-Schnappschüsse und Screen Recorder automatisiert (alles mit Kombinationen der Druck-Taste), zeichnet Bildschirm als Video MP4 und Ton als AAC vom Microfon/Lautsprecher auf, FFMPG, erstellt Video Thumbnails, basiert auf Greenshot. ffmpeg bitte extra herunterladen, unter appdata sharex hinterlegt","Deploy, Repack","aus Originalquelle","GPL-Lizenz, kostenfrei","GPL","im Installationspaket","c","https://getsharex.com/"
"2022-11-10 15:05:47","7","540","Signal","5.63.1","alternativer Messenger für Chat und Videokommunikation bis 40 Teilnehmer. Im Gegensatz zu den anderen Anbietern komplett Open-Source und von einer Stuftung getragen, die nicht vom Datensammeln lebt.","","Internet","GPL-Lizenz, kostenfrei","Signal Community","im Installationspaket","c","https://signal.org/download/windows/"
"2022-01-29 16:28:19","8","524","signotec","10.7.12","Signosign/2 Software zur Anbindung der signopads an das Archiv bzw. an die Warenwirtschaft. Für SaaS Anbindungen ist zusätzlich -signotec signoPAD-API/Web- erforderlich und zu lizensieren.","","aus Originalquelle","Lizenzsoftware","Signotec GmbH","im Installationspaket","sc","https://www.signotec.com/"
"2022-11-24 19:13:20","9","205","Skype","8.91.0.404","Aktuelle Desktop Version, Videotelefonie, Besprechungen, Chat, Bildschirmfreigabe und Zusammenarbeit. Optional mit kostenlosem Microsoft Konto nutzbar.  Desktop-Version hat im Gegensatz zur Windows 10 App mehr Funktionen freigeschaltet und ist aktueller. Preview-Version mit schnellerer Engine erscheint immer freitags.","Deploy","aus Originalquelle","kostenfrei","Microsoft","im Installationspaket","c","https://www.skype.com/en/insider/"
"2022-10-07 20:15:48","8","292","Smart Switch","4.3.22083.3","Samsung Smartphones: Windows-Werkzeug Programm zur Datensicherung, Einstellungen, Firmware-Pre-Download, Outlook-Synchronisation. Auf dem Smartphone muss die Smart Switch App installiert sein. Ist die App auf zwei Telefonen installiert, können die Daten und Einstellungen vom (alten) auf das (neue) Handy migriert werden.","Deploy","Internet","kostenfrei auch kommerziell","Samsung","im Installationspaket","c","https://downloadcenter.samsung.com/content/SW/201809/20180918154502684/SmartSwitchPC_setup.exe"
"2022-01-14 15:42:31","1","531","Sophos SSL VPN Client","2.1","Drittanbieter vpn Clientsoftware, nur mit sophos Hardware - sophos XG Firewalls können nur als azure Gateway genutzt werden, nicht für AVD","","Internet","hardwaregebunden","","","cx","https://docs.sophos.com/nsg/sophos-firewall/18.0/Help/de-de/webhelp/userportal/nsg/userportal/concepts/DownloadClient.html"
"2022-11-25 10:03:49","8","544","Spotify","1.1.99.878","Windows-Client für den bekannten Musik-Streaming-Dienst. Abo erforderlich, da das kostenlose Konto zu eingeschränkt ist. Bitte nur auf lokalen Clients einsetzen, nicht in Multi-User-Umgebungen.","","Internet","Lizenzsoftware oder Subscription","Spotify Inc.","im Installationspaket und auf der Webseite","","https://www.spotify.com/de/download/windows/"
"2022-06-09 14:35:46","3","210","SumatraPDF","3.4.6","Alternativer PDF-Betrachter, erlaubt Stapelverarbeitung via Befehlszeile, Skripten oder Powershell (Batchdruck) von PDF-Dokumenten, Portable 64-Bit-Version empfohlen. PDF-Modul im Google Chrome Enterprise oder Microsoft Edge Enterprise oder MUPDF für Formulare und Farbdruck auf HP-Druckern benutzen, da sonst beeinträchtigte Ausgabe oder weiße Seiten. Erneutes Bugfix-Release.","Deploy, Repack","Internet","GPL-Lizenz, kostenfrei","Krzysztof Kowalczyk","im Installationspaket","c","https://www.sumatrapdfreader.org/download-free-pdf-viewer.html"
"2022-01-14 15:45:56","5","532","SwyxIt!","11.38.9180.0","Softphone für SWYX IP-Telefonanlagen","","Internet","hardwaregebunden","","","c","https://www.enreach.de/produkte/unified-communications/swyxit-for-windows.html"
"2022-01-17 10:00:00","6","466","Tachonova","999","Software zum Tacho auslesen/Fahrerkarten","","Internet","Lizenzsoftware","Haug GmbH","","c",""
"2022-01-07 10:29:59","5","493","TachoPlusArchiv","3.0","LKW Fahrerkartensoftware, Archivierung von Tachodaten","","aus Originalquelle","Lizenzsoftware","Softproject AG","","sc",""
"2020-04-10 08:00:37","10","257","Tagesschau Nachrichten RSS","1.0","Nachrichten-Feed der Tagesschau mit aktuellen Neuigkeiten (News)","","","","","","","https://www.tagesschau.de/xml/rss2"
"2022-01-02 09:28:20","8","490","Teams Machine-Wide Installer","1.4.0.8872","Teams Updater, aktualisiert die Teams Instanzen in den Benutzerprofilen automatisch","","Internet","Lizenzsoftware","Microsoft","auf der Internetseite","c","https://docs.microsoft.com/de-de/microsoftteams/msi-deployment"
"2022-11-25 10:03:51","1","525","TeamViewer","15.36.8","Fernwartungssoftware für Drittanbieter, nur verwendbar, wenn ausreichend lizensiert. Anydesk ist günstiger für solche Fälle, ansonsten ggf. VPN Zugang einrichten. Innerhalb des lokalen Netzwerks für PCs und Thin-Clients kann auch UltraVNC benutzt werden.","","aus Originalquelle","Lizenzsoftware","","im Installationspaket","x",""
"2022-01-08 15:17:26","8","503","testo Comfort Software Basic","5.0","Datenlogger z.B. für Kühlhäuser","","aus Originalquelle","Lizenzsoftware","","","sc","https://testo.com"
"2022-10-27 19:11:50","1","506","Total Commander","10.52","Alternativer Dateimanager, Shareware, nach 30 Tagen lizenzpflichtig, wenn noch nicht lizensiert, deinstallieren","","Internet","Lizenzsoftware","Ghisler Software GmbH","im Installationspaket und auf der Webseite","x","https://www.ghisler.com/ddownload.htm"
"2022-09-20 16:13:32","6","516","TreeSize Free","4.6.1","Portable Version empfohlen - grafische Darstellung von Ordnerstrukturen auf der Suche nach Speicherplatzverschwendern, auch noch als Lizenzsoftware erhältlich. Treesize Free kan privat und geschäftlich kostenlos genutzt werden.","Deploy, Repack","Internet","Lizenzsoftware","JAM Software GmbH","auf der Internetseite","x","https://downloads.jam-software.de/treesize_free/TreeSizeFree-Portable.zip"
"2022-11-05 14:16:49","9","435","TVBrowser","4.2.6.0","Transportabler TV-Programm-Guide (EPG) mit allen bekannten Sendern, Repack enthält JAVA Adoptium Temurin JRE 11.0.17+8x64. android app und Widget verfügbar. Senderlisten/Einstellungen  können mit kostenloser Anmeldung zwischen android app und Windows App synchronisiert werden. Übersichtliche Darstellung. Downloads auch auf Sourceforge.","Deploy, Repack","Internet","kostenfrei auch kommerziell","TV-Browser Projekt","im Installationspaket","c","https://www.tvbrowser.org/index.php?id=transportable"
"2022-11-05 13:58:59","9","391","Ubiquiti Unifi","7.2.95","Network Application für Windows - Verwaltungssoftware für Unifi WLAN Access Points, benötigt Java 8 (AdoptiumOpenJDK, aktuelle Runtime, 64-Bit, Hotspot als .msi, beim Setup alle Optionen außer iced tea ankreuzen). Management, Reporting und Firmware-Updates für die angeschlossenen Access Points lassen sich damit machen. Kann auch als Windows Dienst unter Windows Server betrieben werden, benötigt dann etwa 800 MB RAM! Bekannte LOG4J-Lücken sind geschlossen.","Deploy","aus Originalquelle","kostenfrei auch kommerziell","Ubiquiti Networks Inc.","im Installationspaket","s","https://www.ui.com/download/unifi/default/default/"
"2022-03-22 16:58:22","10","230","UltraVNC","1.3.8.1","Fernwartungs-Software nur für Rechner innerhalb des lokalen Firmennetzwerks und Firmen VPN - Fernwarter und Benutzer sehen das Bild - auf vielen Thin-Clients ist der VNC-Serverdienst vorinstalliert (stabile Version mit Windows Zertifikat, aktuell halten wegen Sicherheit, enthält Viewer und Serverdienst, Werkskennwort danach ändern oder bei den Sources in der ultravnc.ini ändern udn Paket mit Innosetup neu erstellen)","Deploy, Repack","Internet","GPL-Lizenz, kostenfrei","UltraVNC Projekt","im Installationspaket","c","https://www.uvnc.com/downloads/ultravnc.html"
"2022-07-15 13:49:16","8","449","Universal Management Suite 6","6.1","UMS, Verwaltungssoftware für IGEL Thin-Clients für Firmware-Updates, BIOS-Einstellungen, Konfiguration und Dokumentation von Geräten","","Internet","Lizenzsoftware","IGEL Technology GmbH","","s","https://www.igel.de/solution-family/igel-ums/"
"2022-07-15 13:44:00","5","447","UPS WorldShip","18.0","Versandlösung des Dienstleisters UPS, nutzt meist lokalen USB-Versandetikettendrucker, ist auf Windows-PCs installiert, legt Daten auf Server oder lokal ab","","Internet","Lizenzsoftware","UPS","","sc","https://www.ups.com/de/de/business-solutions/business-shipping-tools/worldship/worldship-support.page"
"2021-09-24 13:29:04","10","424","USBLogin","1.0","Mit USBLogin können Sie sich an Ihrem PC anmelden, indem Sie einen konfigurierten USB-Stick einstecken. Es speichert die Anmeldeinformationen verschlüsselt auf einem USB-Stick. USBLogin kann Anmeldungen für verschiedene PCs auf demselben USB-Stick speichern, solange der Computername unterschiedlich ist.","Deploy","Internet","kostenfrei auch kommerziell","Michael Chourdakis","","","https://www.turboirc.com/usblogin/"
"2022-03-18 13:49:44","6","231","Veeam Backup","11.0.1.1261 P20220302","nicht bei Cloud - Datensicherungs- (Backup) Software für virtuelle Maschinen mit Bandsicherungsmöglichkeit auf LTO und NAS Geräte sowie Cloudbackup auf Azure. Kann sehr gut mit virtuellen Servern umgehen, aber auch Imagesicherungen von physikalischen Servern und Windows Clients machen (über den veeam Agent, monitored über den veeam Server) - aktuelle Update schließt kritische Sicherheitslücke.","optional","aus Originalquelle","Lizenzsoftware","veeam Software","im Installationspaket","sx","https://veeam.com"
"2021-09-26 13:39:19","10","422","Videothumbnails-Creator","1.0.11","erstellt aus MP4-Videos in einem Ordner Vorschalbilder mit Ausschnitten aus den Videos (quasi ein Videokontaktabzug). Dazu nach c:\temp entpacken und die Videos in den Ordner kopieren. Die .cmd Datei aufrufen und die .JPG Bilder aus dem Ordner entnehmen. Befehlszeilen-Utilty","Deploy, Repack","auf Anfrage von mir erhältlich","GPL-Lizenz, kostenfrei","GitHub Projekt","","c","https://github.com/mutschler/mt/releases"
"2022-11-16 09:18:06","8","545","Visual Studio","2022","Programmieroberfläche und Werkzeuge von Microsoft zum Erstellen von Anwendungen und mobile Apps. Unterstützt verschiedene Programmiersprachen wie C#. Die Community-Version ist kostenlos.","","Internet","Freemium","Microsoft Corporation","im Installationspaket","c","https://visualstudio.microsoft.com/de/downloads/"
"2022-10-05 15:06:50","2","535","Vivaldi","5.5","alternativer Browser, der aus dem Opera-Projekt heraus entstanden ist. Basiert auf Webkit/Chromium und hat die von Opera bekannten Thumbnails auf der Startseite.  Leider für den Firmeneinsatz nur bedingt geeignet und nicht so topaktuell im Schließen von Sicherheitslücken wie Googles Enterprise-Browser. Daher Empfehlung, zu deinstallieren","","Internet","kostenfrei","Vivaldi","im Installationspaket","x","https://vivaldi.com/de/"
"2022-11-22 14:11:33","10","234","VLC media player","3.0.18","Mediaplayer aus dem Videolan Projekt für Windows Desktop, zum Abspielen von Videos wie .mp4 .mkv .avi und Audio .mp3 .ogg, mehr Formate, alle Codecs im Paket enthalten, 64-Bit Version 3.x empfohlen (stable Release). Version 4 ist Beta und ähnelt im Aussehen der App, hat deutlich weniger Funktionen. Sicherheits-Updates und Aktualisierung von Libraries, Weiteres Sicherheitsupdate, Bugfixes in DLNA-Erkennung","Deploy, Repack","Internet","GPL-Lizenz, kostenfrei","Videolan Org","im Installationspaket","c","https://www.videolan.org/vlc"
"2022-01-18 13:27:18","1","533","VLC Plus","999","Fake-Version des VLC Media Players, verstößt gegen GPL-Lizenzbestimmungen","","","Adware","","","x",""
"2022-01-01 13:21:12","4","486","VMware Tools","12.0.5.19716617","Erweiterungen für virtuelle Server auf vmware vsphere Basis. Nutzung entfällt bei Cloud-Betrieb","","aus Originalquelle","Lizenzsoftware","","","sx",""
"2022-01-01 13:22:59","8","487","w.shop","1.0","Schnittstelle der GWS für den Internet-Shop","","aus Originalquelle","Lizenzsoftware","GWS mbH","","s",""
"2020-04-10 08:00:37","10","267","Web CSS Minifier","1.0","CSS Stylesheet Dateien online verkleinern - zum Beschleunigen von Webseiten - CSS bleibt dabei lesbar","","","","","","","https://cssminifier.com/"
"2020-04-10 08:00:37","10","268","Web CSS Validator","1.0","Web Stylesheets auf Konformität des W3C-Konsortiums (Webstandards) prüfen","","","","","","","https://jigsaw.w3.org/css-validator/"
"2020-04-10 08:00:37","10","269","Web HTML5 Validation Service","1.5.4","Webseiten überprüfen auf Standard-Compliance (HTML5, W3C konform) und korrekten Code. Online-Prüftool mit Links auf fehlerhaften HTML-Code zum Anklicken","","","","","","","https://html5.validator.nu/"
"2022-01-06 14:20:03","1","527","Webex","42.5.0.22259","Client für Webmeetings von CISCO, deinstallieren, wenn nicht unmittelbar benötigt","","aus Originalquelle","Lizenzsoftware","CISCO","im Installationspaket","cx","https://www.webex.com/de/downloads.html"
"2022-11-01 10:08:38","10","406","Win-ACME","2.1.23","Einfacher, automatisierbarer Lets Encrypt Client für Windows Systeme. Nach Anlagen von Zertifikaten kann deren Erneuerung alle 90 Tage automatisiert werden. Dazu legt die Software Windows Aufgaben (Tasks) an. Für Webseiten-Zertifikate. Kann Zertifikate direkt im IIS installieren. Außerdem können PEM-Dateien für Tobit David Webserver erstellt werden. X64-Version pluggable herunterladen.","Deploy, Repack","Internet","kostenfrei auch kommerziell","Patreon","im Installationspaket","s","https://github.com/win-acme/win-acme/releases/latest"
"2022-01-29 13:20:42","8","482","Win PE Boot CD Hiren","1.0.2","Rettungs-DVD oder ISO für USB-Boot-Stick zur Reparatur von Windows-Rechnern, bootet Windows PE 10, enthält zahlreiche Tools. Nutzbar in Verbindung mit einem Windows Betriebssystem. Startet nach 72 Stunden automatisch neu.","","Internet","Lizenzsoftware","Microsoft","","","https://www.hirensbootcd.org/download/"
"2022-01-19 13:30:35","1","514","Winamp","5.9","Mediaplayer, GPL-Projekt wurde eingestellt, bitte entfernen. Mittlerweile Lizenzsoftware - Alternative: VLC media player","","","Lizenzsoftware","","","x",""
"2021-09-24 11:57:30","10","421","Windows Deploy ISO-Optimierung","21.09","Sammlung von Powershell- und Befehlszeilen-Skripten zum Optimieren einer Windows 10 ISO-Datei nach Download mit dem Media Creation Toolkit von Microsoft.Aktiviert Legacy Framework, führt eine Unattended Installation durch, entfernt unerwünschte Apps (debloat). Mit Rufus kann dann eine startfähige ISO erstellt werden und Hardware neu betankt. Anleitung: Werkzeuge (nach c:\temp entpacken) und Scripts, um einen Windows Installationsdatenträger Autounattend und debloated (win10-autoinstall.iso) zu erstellen","Deploy, Repack","auf Anfrage von mir erhältlich","kostenfrei auch kommerziell","","","c",""
"2022-01-27 17:20:42","1","478","Windows Media Player","12.0.19041.789","in Windows integrierter Medienspieler, enf-of-life. Wenn möglich über Einstellungen/Apps/optionale Software deinstallieren. Dann wird keine Version mehr angezeigt in der Liste. Eintrag bleibt bestehen.","","aus Originalquelle","in Windows enthalten","","","x",""
"2022-01-26 13:48:48","1","474","WinRAR","6.1","Pack- und Entpackprogramm, Shareware, nur mit Lizenz verwendbar","","aus Originalquelle","Lizenzsoftware","RARLABS","im Installationspaket und auf der Webseite","x","https://www.win-rar.com/start.html?&L=1"
"2022-10-06 19:45:33","9","440","WinSCP","5.21.5","alternativer FTP-Client, der befehlszeilenorientierte Batch-Verarbeitung und somit Automation erlaubt. GUI verfügbar. Mit der GUI können Download- und Uploadskripte für die Befehlszeile erzeugt werden. Für manuelle FTP-Transfers über die grafische Benutzeroberfläche ist der Filezilla FTP-Client besser und schneller als WinSCP.","","Internet","GPL-Lizenz, kostenfrei","WinSCP Projekt","auf der Internetseite","sc","https://winscp.net/eng/download.php"
"2022-08-30 08:44:46","1","475","WinZip","27.0","Lizenzpflichtige Pack- und Entpacksoftware. 7-ZIP verwenden","","aus Originalquelle","Lizenzsoftware","Corel Corporation","im Installationspaket","x","https://www.winzip.com/de/"
"2022-10-27 19:11:36","9","534","Wireshark","4.0.1","Wireshark (ehemals Ethereal) ist ein Analysetool für Datenverbindungen auf Netzwerkebene. Es wird eingesetzt, um Netzwerkprobleme zu ermitteln. Nicht ganz einfach zu bedienen, aber sehr effizient. Die mitgeschnittenen Daten dürfen nur zu Protokollzwecken (Verkehrsdaten) verwendet werden.","","Internet","GPL-Lizenz, kostenfrei","Wireshark Projekt","im Installationspaket","c","https://www.wireshark.org/#download"
"2022-07-31 14:10:08","10","240","WISO Mein Geld 365 Professional","28.0.3.42","Online Banking Software mit Datenbank, Wertpapierverwaltung, Konten und Kreditkarten, jährlich vorausbezahltes Abonnement erforderlich, enthält alle Updates für Programm und Onlinebanking-Komponente Letstrade. Support bei BUHL inklusive.","Deploy","aus Originalquelle","Mietlizenz Subscription","BUHL Software","im Installationspaket","c","https://www.buhl.de/supportdateien.html"
"2022-11-16 08:40:18","10","241","Wordpress","6.1.1","Webseiten Content Managementsystem (CMS), benötigt als Plattform MYSQL, PHP, Apache-Webserver, PHPMyAdmin. Sicherheitsupdates automatisch. Mit Themes (Designs) und Plugins modular erweiterbar. Plugin- und Theme-Empfehlungen  im BLOG. Security- und Bugfixes.","Deploy, Repack","Internet","GPL-Lizenz, kostenfrei","GPL","im Installationspaket","s","https://de.wordpress.org/download/"
"2022-10-03 20:00:49","9","243","XMedia Recode","3.5.6.7","Videodateien und Audiodateien konvertieren und umwandeln in Zielformate. DVD-Tonspuren oder Audio-Tracks in MP3 umwandeln. Ergänzung und Alternative zu Avidemux Schnittprogramm. Stapelverarbeitung (Batch) möglich. Enthält aktuelles FFMPEG. Portable 64-Bit als Quelle empfohlen.","Deploy, Repack","aus Originalquelle","kostenfrei auch kommerziell","Sebastian Dörfler","im Installationspaket","c","https://www.xmedia-recode.de/download.html"
"2021-08-13 15:56:36","5","244","XMIND 8","3.7.9","Mindmapping Software, zum Öffnen und bearbeiten von .xmind Dateien (nur XMind8 ist Open Source, nicht die Pro Version und auch nicht Version 2020. Benötigt 32-Bit-Java8-Runtime - alte JRE 8.152 im Paket, AdoptiumOpenJDK 8 (x86) verwendbar - austauschen). Portable Version verfügbar (nach xmind portable 3.7.9 suchen), bitte auch dabei Java durch die Eclipse Adoptium (Hotspot, JRE8 x86 .ZIP) im Verzeichnis jre ersetzen. Ist ohne LOG4J.","Deploy, Repack","Internet","GPL-Lizenz, kostenfrei","XMind Ltd, Hong Kong","im Installationspaket","c","https://www.xmind.net/download/xmind8/"
"2022-09-07 10:36:38","1","467","XnView","2.51.1","(Classic oder MP Version) Fotomanager/Bildverwaltung: Lizenz nachweisen, Shareware bei geschäftlicher Nutzung, Freeware nur zur privaten Nutzung","","Internet","Lizenzsoftware","Gougelet Pierre-e","im Installationspaket","cx","https://www.xnview.com/de/xnviewmp/"
"2021-08-16 12:25:03","9","419","Yawcam","0.7.0","USB- oder interne Webcam als Überwachungskamera nutzen (als NT-Dienst startbar, enthält Webserver, FTP-Upload, Bild-Upload-Möglichkeiten, benötigt z. B.  Adopopenjdk Java 8/x86). Einstellungen, die bei Dienststart wirksam werden, können über die GUI vorher eingestellt werden. So kann die Cam zB auch von einem Server aus den Serverraum überwachen. Ist ohne LOG4J.","Deploy","Internet","kostenfrei auch kommerziell","Magnus Lundvall","im Installationspaket und auf der Webseite","s","https://www.yawcam.com/"
"2022-07-15 13:46:39","5","448","ZA-ARC Archivierung Digitaler Tachograph","3.02","LKW Fahrerkarten auslesen und archivieren, über USB-Smartcard-Reader an Windows PC lokal, Datenablage meist auch lokal oder auf Fileserver, Datensicherung auf Server","","Internet","Lizenzsoftware","Zauner Software","","sc","https://zauner.software/loesungen/tacholoesungen"
"2022-11-10 20:56:45","1","495","Zoom","5.12.8","alternative Videokommunikationslösung, ähnlich wie Microsoft Teams, aber ohne Office/Sharepoint Collaboration Integration, wenn nicht benötigt, deinstallieren, nicht auf Terminalservern einsetzen","","Internet","Mietlizenz Subscription","Zoom Video Communications, Inc.","","cx","https://explore.zoom.us/de/products/meetings/"

